date,price_eur_t
2015-01-01,7.3
2015-01-02,7.3
2015-01-05,7.3
2015-01-06,7.3
2015-01-07,7.3
2015-01-08,7.3
2015-01-09,7.3
2015-01-12,7.29
2015-01-13,7.29
2015-01-14,7.29
2015-01-15,7.29
2015-01-16,7.29
2015-01-19,7.29
2015-01-20,7.29
2015-01-21,7.29
2015-01-22,7.29
2015-01-23,7.29
2015-01-26,7.29
2015-01-27,7.29
2015-01-28,7.29
2015-01-29,7.28
2015-01-30,7.28
2015-02-02,7.28
2015-02-03,7.28
2015-02-04,7.28
2015-02-05,7.28
2015-02-06,7.28
2015-02-09,7.28
2015-02-10,7.28
2015-02-11,7.28
2015-02-12,7.28
2015-02-13,7.28
2015-02-16,7.28
2015-02-17,7.27
2015-02-18,7.27
2015-02-19,7.27
2015-02-20,7.27
2015-02-23,7.27
2015-02-24,7.27
2015-02-25,7.27
2015-02-26,7.27
2015-02-27,7.27
2015-03-02,7.27
2015-03-03,7.27
2015-03-04,7.27
2015-03-05,7.26
2015-03-06,7.26
2015-03-09,7.26
2015-03-10,7.26
2015-03-11,7.26
2015-03-12,7.26
2015-03-13,7.26
2015-03-16,7.26
2015-03-17,7.26
2015-03-18,7.26
2015-03-19,7.26
2015-03-20,7.26
2015-03-23,7.26
2015-03-24,7.25
2015-03-25,7.25
2015-03-26,7.25
2015-03-27,7.25
2015-03-30,7.25
2015-03-31,7.25
2015-04-01,7.25
2015-04-02,7.26
2015-04-03,7.27
2015-04-06,7.28
2015-04-07,7.3
2015-04-08,7.31
2015-04-09,7.32
2015-04-10,7.33
2015-04-13,7.34
2015-04-14,7.35
2015-04-15,7.36
2015-04-16,7.38
2015-04-17,7.39
2015-04-20,7.4
2015-04-21,7.41
2015-04-22,7.42
2015-04-23,7.43
2015-04-24,7.44
2015-04-27,7.45
2015-04-28,7.47
2015-04-29,7.48
2015-04-30,7.49
2015-05-01,7.5
2015-05-04,7.5
2015-05-05,7.49
2015-05-06,7.49
2015-05-07,7.48
2015-05-08,7.48
2015-05-11,7.47
2015-05-12,7.47
2015-05-13,7.46
2015-05-14,7.46
2015-05-15,7.45
2015-05-18,7.45
2015-05-19,7.44
2015-05-20,7.44
2015-05-21,7.43
2015-05-22,7.43
2015-05-25,7.42
2015-05-26,7.42
2015-05-27,7.41
2015-05-28,7.41
2015-05-29,7.4
2015-06-01,7.4
2015-06-02,7.42
2015-06-03,7.44
2015-06-04,7.45
2015-06-05,7.47
2015-06-08,7.49
2015-06-09,7.51
2015-06-10,7.53
2015-06-11,7.55
2015-06-12,7.56
2015-06-15,7.58
2015-06-16,7.6
2015-06-17,7.62
2015-06-18,7.64
2015-06-19,7.65
2015-06-22,7.67
2015-06-23,7.69
2015-06-24,7.71
2015-06-25,7.73
2015-06-26,7.75
2015-06-29,7.76
2015-06-30,7.78
2015-07-01,7.8
2015-07-02,7.81
2015-07-03,7.81
2015-07-06,7.82
2015-07-07,7.83
2015-07-08,7.83
2015-07-09,7.84
2015-07-10,7.85
2015-07-13,7.85
2015-07-14,7.86
2015-07-15,7.87
2015-07-16,7.88
2015-07-17,7.88
2015-07-20,7.89
2015-07-21,7.9
2015-07-22,7.9
2015-07-23,7.91
2015-07-24,7.92
2015-07-27,7.92
2015-07-28,7.93
2015-07-29,7.94
2015-07-30,7.94
2015-07-31,7.95
2015-08-03,7.96
2015-08-04,7.96
2015-08-05,7.97
2015-08-06,7.98
2015-08-07,7.98
2015-08-10,7.99
2015-08-11,8.0
2015-08-12,8.0
2015-08-13,8.01
2015-08-14,8.02
2015-08-17,8.02
2015-08-18,8.03
2015-08-19,8.04
2015-08-20,8.05
2015-08-21,8.05
2015-08-24,8.06
2015-08-25,8.07
2015-08-26,8.07
2015-08-27,8.08
2015-08-28,8.09
2015-08-31,8.09
2015-09-01,8.1
2015-09-02,8.11
2015-09-03,8.12
2015-09-04,8.13
2015-09-07,8.14
2015-09-08,8.15
2015-09-09,8.15
2015-09-10,8.16
2015-09-11,8.17
2015-09-14,8.18
2015-09-15,8.19
2015-09-16,8.2
2015-09-17,8.21
2015-09-18,8.22
2015-09-21,8.23
2015-09-22,8.24
2015-09-23,8.25
2015-09-24,8.25
2015-09-25,8.26
2015-09-28,8.27
2015-09-29,8.28
2015-09-30,8.29
2015-10-01,8.3
2015-10-02,8.3
2015-10-05,8.3
2015-10-06,8.29
2015-10-07,8.29
2015-10-08,8.29
2015-10-09,8.29
2015-10-12,8.28
2015-10-13,8.28
2015-10-14,8.28
2015-10-15,8.28
2015-10-16,8.27
2015-10-19,8.27
2015-10-20,8.27
2015-10-21,8.27
2015-10-22,8.27
2015-10-23,8.26
2015-10-26,8.26
2015-10-27,8.26
2015-10-28,8.26
2015-10-29,8.25
2015-10-30,8.25
2015-11-02,8.25
2015-11-03,8.25
2015-11-04,8.24
2015-11-05,8.24
2015-11-06,8.24
2015-11-09,8.24
2015-11-10,8.23
2015-11-11,8.23
2015-11-12,8.23
2015-11-13,8.23
2015-11-16,8.23
2015-11-17,8.22
2015-11-18,8.22
2015-11-19,8.22
2015-11-20,8.22
2015-11-23,8.21
2015-11-24,8.21
2015-11-25,8.21
2015-11-26,8.21
2015-11-27,8.2
2015-11-30,8.2
2015-12-01,8.2
2015-12-02,8.18
2015-12-03,8.17
2015-12-04,8.15
2015-12-07,8.13
2015-12-08,8.11
2015-12-09,8.1
2015-12-10,8.08
2015-12-11,8.06
2015-12-14,8.04
2015-12-15,8.03
2015-12-16,8.01
2015-12-17,7.99
2015-12-18,7.97
2015-12-21,7.96
2015-12-22,7.94
2015-12-23,7.92
2015-12-24,7.9
2015-12-25,7.89
2015-12-28,7.87
2015-12-29,7.85
2015-12-30,7.83
2015-12-31,7.82
2016-01-01,7.8
2016-01-04,7.74
2016-01-05,7.68
2016-01-06,7.61
2016-01-07,7.55
2016-01-08,7.49
2016-01-11,7.43
2016-01-12,7.37
2016-01-13,7.3
2016-01-14,7.24
2016-01-15,7.18
2016-01-18,7.12
2016-01-19,7.06
2016-01-20,7.0
2016-01-21,6.93
2016-01-22,6.87
2016-01-25,6.81
2016-01-26,6.75
2016-01-27,6.69
2016-01-28,6.62
2016-01-29,6.56
2016-02-01,6.5
2016-02-02,6.44
2016-02-03,6.38
2016-02-04,6.31
2016-02-05,6.25
2016-02-08,6.19
2016-02-09,6.13
2016-02-10,6.07
2016-02-11,6.0
2016-02-12,5.94
2016-02-15,5.88
2016-02-16,5.82
2016-02-17,5.76
2016-02-18,5.7
2016-02-19,5.63
2016-02-22,5.57
2016-02-23,5.51
2016-02-24,5.45
2016-02-25,5.39
2016-02-26,5.32
2016-02-29,5.26
2016-03-01,5.2
2016-03-02,5.23
2016-03-03,5.25
2016-03-04,5.28
2016-03-07,5.3
2016-03-08,5.33
2016-03-09,5.36
2016-03-10,5.38
2016-03-11,5.41
2016-03-14,5.43
2016-03-15,5.46
2016-03-16,5.49
2016-03-17,5.51
2016-03-18,5.54
2016-03-21,5.57
2016-03-22,5.59
2016-03-23,5.62
2016-03-24,5.64
2016-03-25,5.67
2016-03-28,5.7
2016-03-29,5.72
2016-03-30,5.75
2016-03-31,5.77
2016-04-01,5.8
2016-04-04,5.79
2016-04-05,5.79
2016-04-06,5.78
2016-04-07,5.77
2016-04-08,5.77
2016-04-11,5.76
2016-04-12,5.75
2016-04-13,5.74
2016-04-14,5.74
2016-04-15,5.73
2016-04-18,5.72
2016-04-19,5.72
2016-04-20,5.71
2016-04-21,5.7
2016-04-22,5.7
2016-04-25,5.69
2016-04-26,5.68
2016-04-27,5.67
2016-04-28,5.67
2016-04-29,5.66
2016-05-02,5.65
2016-05-03,5.65
2016-05-04,5.64
2016-05-05,5.63
2016-05-06,5.63
2016-05-09,5.62
2016-05-10,5.61
2016-05-11,5.6
2016-05-12,5.6
2016-05-13,5.59
2016-05-16,5.58
2016-05-17,5.58
2016-05-18,5.57
2016-05-19,5.56
2016-05-20,5.56
2016-05-23,5.55
2016-05-24,5.54
2016-05-25,5.53
2016-05-26,5.53
2016-05-27,5.52
2016-05-30,5.51
2016-05-31,5.51
2016-06-01,5.5
2016-06-02,5.45
2016-06-03,5.41
2016-06-06,5.36
2016-06-07,5.32
2016-06-08,5.27
2016-06-09,5.23
2016-06-10,5.18
2016-06-13,5.14
2016-06-14,5.09
2016-06-15,5.05
2016-06-16,5.0
2016-06-17,4.95
2016-06-20,4.91
2016-06-21,4.86
2016-06-22,4.82
2016-06-23,4.77
2016-06-24,4.73
2016-06-27,4.68
2016-06-28,4.64
2016-06-29,4.59
2016-06-30,4.55
2016-07-01,4.5
2016-07-04,4.49
2016-07-05,4.48
2016-07-06,4.47
2016-07-07,4.46
2016-07-08,4.45
2016-07-11,4.44
2016-07-12,4.43
2016-07-13,4.42
2016-07-14,4.41
2016-07-15,4.4
2016-07-18,4.4
2016-07-19,4.39
2016-07-20,4.38
2016-07-21,4.37
2016-07-22,4.36
2016-07-25,4.35
2016-07-26,4.34
2016-07-27,4.33
2016-07-28,4.32
2016-07-29,4.31
2016-08-01,4.3
2016-08-02,4.31
2016-08-03,4.32
2016-08-04,4.33
2016-08-05,4.33
2016-08-08,4.34
2016-08-09,4.35
2016-08-10,4.36
2016-08-11,4.37
2016-08-12,4.38
2016-08-15,4.39
2016-08-16,4.4
2016-08-17,4.4
2016-08-18,4.41
2016-08-19,4.42
2016-08-22,4.43
2016-08-23,4.44
2016-08-24,4.45
2016-08-25,4.46
2016-08-26,4.47
2016-08-29,4.47
2016-08-30,4.48
2016-08-31,4.49
2016-09-01,4.5
2016-09-02,4.52
2016-09-05,4.55
2016-09-06,4.57
2016-09-07,4.59
2016-09-08,4.62
2016-09-09,4.64
2016-09-12,4.66
2016-09-13,4.69
2016-09-14,4.71
2016-09-15,4.73
2016-09-16,4.76
2016-09-19,4.78
2016-09-20,4.8
2016-09-21,4.83
2016-09-22,4.85
2016-09-23,4.87
2016-09-26,4.9
2016-09-27,4.92
2016-09-28,4.94
2016-09-29,4.97
2016-09-30,4.99
2016-10-03,5.01
2016-10-04,5.03
2016-10-05,5.06
2016-10-06,5.08
2016-10-07,5.1
2016-10-10,5.13
2016-10-11,5.15
2016-10-12,5.17
2016-10-13,5.2
2016-10-14,5.22
2016-10-17,5.24
2016-10-18,5.27
2016-10-19,5.29
2016-10-20,5.31
2016-10-21,5.34
2016-10-24,5.36
2016-10-25,5.38
2016-10-26,5.41
2016-10-27,5.43
2016-10-28,5.45
2016-10-31,5.48
2016-11-01,5.5
2016-11-02,5.53
2016-11-03,5.56
2016-11-04,5.6
2016-11-07,5.63
2016-11-08,5.66
2016-11-09,5.69
2016-11-10,5.72
2016-11-11,5.75
2016-11-14,5.79
2016-11-15,5.82
2016-11-16,5.85
2016-11-17,5.88
2016-11-18,5.91
2016-11-21,5.95
2016-11-22,5.98
2016-11-23,6.01
2016-11-24,6.04
2016-11-25,6.07
2016-11-28,6.1
2016-11-29,6.14
2016-11-30,6.17
2016-12-01,6.2
2016-12-02,6.18
2016-12-05,6.16
2016-12-06,6.14
2016-12-07,6.12
2016-12-08,6.1
2016-12-09,6.08
2016-12-12,6.06
2016-12-13,6.04
2016-12-14,6.02
2016-12-15,6.0
2016-12-16,5.98
2016-12-19,5.95
2016-12-20,5.93
2016-12-21,5.91
2016-12-22,5.89
2016-12-23,5.87
2016-12-26,5.85
2016-12-27,5.83
2016-12-28,5.81
2016-12-29,5.79
2016-12-30,5.77
2017-01-02,5.75
2017-01-03,5.73
2017-01-04,5.71
2017-01-05,5.69
2017-01-06,5.67
2017-01-09,5.65
2017-01-10,5.63
2017-01-11,5.61
2017-01-12,5.59
2017-01-13,5.57
2017-01-16,5.55
2017-01-17,5.52
2017-01-18,5.5
2017-01-19,5.48
2017-01-20,5.46
2017-01-23,5.44
2017-01-24,5.42
2017-01-25,5.4
2017-01-26,5.38
2017-01-27,5.36
2017-01-30,5.34
2017-01-31,5.32
2017-02-01,5.3
2017-02-02,5.29
2017-02-03,5.28
2017-02-06,5.27
2017-02-07,5.26
2017-02-08,5.25
2017-02-09,5.24
2017-02-10,5.23
2017-02-13,5.22
2017-02-14,5.21
2017-02-15,5.2
2017-02-16,5.19
2017-02-17,5.18
2017-02-20,5.17
2017-02-21,5.16
2017-02-22,5.15
2017-02-23,5.14
2017-02-24,5.13
2017-02-27,5.12
2017-02-28,5.11
2017-03-01,5.1
2017-03-02,5.09
2017-03-03,5.07
2017-03-06,5.06
2017-03-07,5.04
2017-03-08,5.03
2017-03-09,5.02
2017-03-10,5.0
2017-03-13,4.99
2017-03-14,4.97
2017-03-15,4.96
2017-03-16,4.95
2017-03-17,4.93
2017-03-20,4.92
2017-03-21,4.9
2017-03-22,4.89
2017-03-23,4.88
2017-03-24,4.86
2017-03-27,4.85
2017-03-28,4.83
2017-03-29,4.82
2017-03-30,4.81
2017-03-31,4.79
2017-04-03,4.78
2017-04-04,4.77
2017-04-05,4.75
2017-04-06,4.74
2017-04-07,4.72
2017-04-10,4.71
2017-04-11,4.7
2017-04-12,4.68
2017-04-13,4.67
2017-04-14,4.65
2017-04-17,4.64
2017-04-18,4.63
2017-04-19,4.61
2017-04-20,4.6
2017-04-21,4.58
2017-04-24,4.57
2017-04-25,4.56
2017-04-26,4.54
2017-04-27,4.53
2017-04-28,4.51
2017-05-01,4.5
2017-05-02,4.51
2017-05-03,4.53
2017-05-04,4.54
2017-05-05,4.55
2017-05-08,4.57
2017-05-09,4.58
2017-05-10,4.59
2017-05-11,4.6
2017-05-12,4.62
2017-05-15,4.63
2017-05-16,4.64
2017-05-17,4.66
2017-05-18,4.67
2017-05-19,4.68
2017-05-22,4.7
2017-05-23,4.71
2017-05-24,4.72
2017-05-25,4.73
2017-05-26,4.75
2017-05-29,4.76
2017-05-30,4.77
2017-05-31,4.79
2017-06-01,4.8
2017-06-02,4.82
2017-06-05,4.85
2017-06-06,4.87
2017-06-07,4.89
2017-06-08,4.92
2017-06-09,4.94
2017-06-12,4.96
2017-06-13,4.99
2017-06-14,5.01
2017-06-15,5.03
2017-06-16,5.06
2017-06-19,5.08
2017-06-20,5.1
2017-06-21,5.13
2017-06-22,5.15
2017-06-23,5.17
2017-06-26,5.2
2017-06-27,5.22
2017-06-28,5.24
2017-06-29,5.27
2017-06-30,5.29
2017-07-03,5.31
2017-07-04,5.33
2017-07-05,5.36
2017-07-06,5.38
2017-07-07,5.4
2017-07-10,5.43
2017-07-11,5.45
2017-07-12,5.47
2017-07-13,5.5
2017-07-14,5.52
2017-07-17,5.54
2017-07-18,5.57
2017-07-19,5.59
2017-07-20,5.61
2017-07-21,5.64
2017-07-24,5.66
2017-07-25,5.68
2017-07-26,5.71
2017-07-27,5.73
2017-07-28,5.75
2017-07-31,5.78
2017-08-01,5.8
2017-08-02,5.83
2017-08-03,5.86
2017-08-04,5.89
2017-08-07,5.92
2017-08-08,5.95
2017-08-09,5.98
2017-08-10,6.01
2017-08-11,6.04
2017-08-14,6.07
2017-08-15,6.1
2017-08-16,6.13
2017-08-17,6.17
2017-08-18,6.2
2017-08-21,6.23
2017-08-22,6.26
2017-08-23,6.29
2017-08-24,6.32
2017-08-25,6.35
2017-08-28,6.38
2017-08-29,6.41
2017-08-30,6.44
2017-08-31,6.47
2017-09-01,6.5
2017-09-04,6.52
2017-09-05,6.55
2017-09-06,6.57
2017-09-07,6.59
2017-09-08,6.62
2017-09-11,6.64
2017-09-12,6.66
2017-09-13,6.69
2017-09-14,6.71
2017-09-15,6.73
2017-09-18,6.76
2017-09-19,6.78
2017-09-20,6.8
2017-09-21,6.83
2017-09-22,6.85
2017-09-25,6.87
2017-09-26,6.9
2017-09-27,6.92
2017-09-28,6.94
2017-09-29,6.97
2017-10-02,6.99
2017-10-03,7.01
2017-10-04,7.03
2017-10-05,7.06
2017-10-06,7.08
2017-10-09,7.1
2017-10-10,7.13
2017-10-11,7.15
2017-10-12,7.17
2017-10-13,7.2
2017-10-16,7.22
2017-10-17,7.24
2017-10-18,7.27
2017-10-19,7.29
2017-10-20,7.31
2017-10-23,7.34
2017-10-24,7.36
2017-10-25,7.38
2017-10-26,7.41
2017-10-27,7.43
2017-10-30,7.45
2017-10-31,7.48
2017-11-01,7.5
2017-11-02,7.51
2017-11-03,7.53
2017-11-06,7.54
2017-11-07,7.55
2017-11-08,7.57
2017-11-09,7.58
2017-11-10,7.6
2017-11-13,7.61
2017-11-14,7.62
2017-11-15,7.64
2017-11-16,7.65
2017-11-17,7.66
2017-11-20,7.68
2017-11-21,7.69
2017-11-22,7.7
2017-11-23,7.72
2017-11-24,7.73
2017-11-27,7.75
2017-11-28,7.76
2017-11-29,7.77
2017-11-30,7.79
2017-12-01,7.8
2017-12-04,7.83
2017-12-05,7.87
2017-12-06,7.9
2017-12-07,7.93
2017-12-08,7.97
2017-12-11,8.0
2017-12-12,8.03
2017-12-13,8.07
2017-12-14,8.1
2017-12-15,8.13
2017-12-18,8.17
2017-12-19,8.2
2017-12-20,8.23
2017-12-21,8.27
2017-12-22,8.3
2017-12-25,8.33
2017-12-26,8.37
2017-12-27,8.4
2017-12-28,8.43
2017-12-29,8.47
2018-01-01,8.5
2018-01-02,8.53
2018-01-03,8.56
2018-01-04,8.59
2018-01-05,8.62
2018-01-08,8.65
2018-01-09,8.68
2018-01-10,8.71
2018-01-11,8.74
2018-01-12,8.77
2018-01-15,8.8
2018-01-16,8.83
2018-01-17,8.87
2018-01-18,8.9
2018-01-19,8.93
2018-01-22,8.96
2018-01-23,8.99
2018-01-24,9.02
2018-01-25,9.05
2018-01-26,9.08
2018-01-29,9.11
2018-01-30,9.14
2018-01-31,9.17
2018-02-01,9.2
2018-02-02,9.26
2018-02-05,9.33
2018-02-06,9.4
2018-02-07,9.46
2018-02-08,9.52
2018-02-09,9.59
2018-02-12,9.65
2018-02-13,9.72
2018-02-14,9.78
2018-02-15,9.85
2018-02-16,9.91
2018-02-19,9.98
2018-02-20,10.04
2018-02-21,10.11
2018-02-22,10.17
2018-02-23,10.24
2018-02-26,10.3
2018-02-27,10.37
2018-02-28,10.44
2018-03-01,10.5
2018-03-02,10.59
2018-03-05,10.69
2018-03-06,10.78
2018-03-07,10.87
2018-03-08,10.97
2018-03-09,11.06
2018-03-12,11.15
2018-03-13,11.24
2018-03-14,11.34
2018-03-15,11.43
2018-03-16,11.52
2018-03-19,11.62
2018-03-20,11.71
2018-03-21,11.8
2018-03-22,11.9
2018-03-23,11.99
2018-03-26,12.08
2018-03-27,12.17
2018-03-28,12.27
2018-03-29,12.36
2018-03-30,12.45
2018-04-02,12.55
2018-04-03,12.64
2018-04-04,12.73
2018-04-05,12.83
2018-04-06,12.92
2018-04-09,13.01
2018-04-10,13.1
2018-04-11,13.2
2018-04-12,13.29
2018-04-13,13.38
2018-04-16,13.48
2018-04-17,13.57
2018-04-18,13.66
2018-04-19,13.76
2018-04-20,13.85
2018-04-23,13.94
2018-04-24,14.03
2018-04-25,14.13
2018-04-26,14.22
2018-04-27,14.31
2018-04-30,14.41
2018-05-01,14.5
2018-05-02,14.53
2018-05-03,14.57
2018-05-04,14.6
2018-05-07,14.64
2018-05-08,14.67
2018-05-09,14.71
2018-05-10,14.74
2018-05-11,14.78
2018-05-14,14.81
2018-05-15,14.85
2018-05-16,14.88
2018-05-17,14.92
2018-05-18,14.95
2018-05-21,14.99
2018-05-22,15.02
2018-05-23,15.06
2018-05-24,15.09
2018-05-25,15.13
2018-05-28,15.16
2018-05-29,15.2
2018-05-30,15.23
2018-05-31,15.27
2018-06-01,15.3
2018-06-04,15.37
2018-06-05,15.45
2018-06-06,15.52
2018-06-07,15.6
2018-06-08,15.67
2018-06-11,15.75
2018-06-12,15.82
2018-06-13,15.9
2018-06-14,15.97
2018-06-15,16.04
2018-06-18,16.12
2018-06-19,16.19
2018-06-20,16.27
2018-06-21,16.34
2018-06-22,16.42
2018-06-25,16.49
2018-06-26,16.57
2018-06-27,16.64
2018-06-28,16.71
2018-06-29,16.79
2018-07-02,16.86
2018-07-03,16.94
2018-07-04,17.01
2018-07-05,17.09
2018-07-06,17.16
2018-07-09,17.23
2018-07-10,17.31
2018-07-11,17.38
2018-07-12,17.46
2018-07-13,17.53
2018-07-16,17.61
2018-07-17,17.68
2018-07-18,17.76
2018-07-19,17.83
2018-07-20,17.9
2018-07-23,17.98
2018-07-24,18.05
2018-07-25,18.13
2018-07-26,18.2
2018-07-27,18.28
2018-07-30,18.35
2018-07-31,18.43
2018-08-01,18.5
2018-08-02,18.55
2018-08-03,18.59
2018-08-06,18.64
2018-08-07,18.69
2018-08-08,18.73
2018-08-09,18.78
2018-08-10,18.83
2018-08-13,18.87
2018-08-14,18.92
2018-08-15,18.97
2018-08-16,19.01
2018-08-17,19.06
2018-08-20,19.1
2018-08-21,19.15
2018-08-22,19.2
2018-08-23,19.24
2018-08-24,19.29
2018-08-27,19.34
2018-08-28,19.38
2018-08-29,19.43
2018-08-30,19.48
2018-08-31,19.52
2018-09-03,19.57
2018-09-04,19.62
2018-09-05,19.66
2018-09-06,19.71
2018-09-07,19.76
2018-09-10,19.8
2018-09-11,19.85
2018-09-12,19.9
2018-09-13,19.94
2018-09-14,19.99
2018-09-17,20.03
2018-09-18,20.08
2018-09-19,20.13
2018-09-20,20.17
2018-09-21,20.22
2018-09-24,20.27
2018-09-25,20.31
2018-09-26,20.36
2018-09-27,20.41
2018-09-28,20.45
2018-10-01,20.5
2018-10-02,20.47
2018-10-03,20.44
2018-10-04,20.41
2018-10-05,20.38
2018-10-08,20.35
2018-10-09,20.32
2018-10-10,20.29
2018-10-11,20.26
2018-10-12,20.23
2018-10-15,20.2
2018-10-16,20.17
2018-10-17,20.13
2018-10-18,20.1
2018-10-19,20.07
2018-10-22,20.04
2018-10-23,20.01
2018-10-24,19.98
2018-10-25,19.95
2018-10-26,19.92
2018-10-29,19.89
2018-10-30,19.86
2018-10-31,19.83
2018-11-01,19.8
2018-11-02,19.87
2018-11-05,19.94
2018-11-06,20.01
2018-11-07,20.08
2018-11-08,20.15
2018-11-09,20.22
2018-11-12,20.29
2018-11-13,20.36
2018-11-14,20.43
2018-11-15,20.5
2018-11-16,20.57
2018-11-19,20.64
2018-11-20,20.71
2018-11-21,20.78
2018-11-22,20.85
2018-11-23,20.92
2018-11-26,20.99
2018-11-27,21.06
2018-11-28,21.13
2018-11-29,21.2
2018-11-30,21.27
2018-12-03,21.33
2018-12-04,21.4
2018-12-05,21.47
2018-12-06,21.54
2018-12-07,21.61
2018-12-10,21.68
2018-12-11,21.75
2018-12-12,21.82
2018-12-13,21.89
2018-12-14,21.96
2018-12-17,22.03
2018-12-18,22.1
2018-12-19,22.17
2018-12-20,22.24
2018-12-21,22.31
2018-12-24,22.38
2018-12-25,22.45
2018-12-26,22.52
2018-12-27,22.59
2018-12-28,22.66
2018-12-31,22.73
2019-01-01,22.8
2019-01-02,22.7
2019-01-03,22.6
2019-01-04,22.5
2019-01-07,22.4
2019-01-08,22.3
2019-01-09,22.2
2019-01-10,22.1
2019-01-11,22.0
2019-01-14,21.9
2019-01-15,21.8
2019-01-16,21.7
2019-01-17,21.6
2019-01-18,21.5
2019-01-21,21.4
2019-01-22,21.3
2019-01-23,21.2
2019-01-24,21.1
2019-01-25,21.0
2019-01-28,20.9
2019-01-29,20.8
2019-01-30,20.7
2019-01-31,20.6
2019-02-01,20.5
2019-02-04,20.55
2019-02-05,20.6
2019-02-06,20.65
2019-02-07,20.7
2019-02-08,20.75
2019-02-11,20.8
2019-02-12,20.85
2019-02-13,20.9
2019-02-14,20.95
2019-02-15,21.0
2019-02-18,21.05
2019-02-19,21.1
2019-02-20,21.15
2019-02-21,21.2
2019-02-22,21.25
2019-02-25,21.3
2019-02-26,21.35
2019-02-27,21.4
2019-02-28,21.45
2019-03-01,21.5
2019-03-04,21.74
2019-03-05,21.98
2019-03-06,22.21
2019-03-07,22.45
2019-03-08,22.69
2019-03-11,22.93
2019-03-12,23.17
2019-03-13,23.4
2019-03-14,23.64
2019-03-15,23.88
2019-03-18,24.12
2019-03-19,24.36
2019-03-20,24.6
2019-03-21,24.83
2019-03-22,25.07
2019-03-25,25.31
2019-03-26,25.55
2019-03-27,25.79
2019-03-28,26.02
2019-03-29,26.26
2019-04-01,26.5
2019-04-02,26.48
2019-04-03,26.45
2019-04-04,26.43
2019-04-05,26.41
2019-04-08,26.39
2019-04-09,26.36
2019-04-10,26.34
2019-04-11,26.32
2019-04-12,26.3
2019-04-15,26.27
2019-04-16,26.25
2019-04-17,26.23
2019-04-18,26.2
2019-04-19,26.18
2019-04-22,26.16
2019-04-23,26.14
2019-04-24,26.11
2019-04-25,26.09
2019-04-26,26.07
2019-04-29,26.05
2019-04-30,26.02
2019-05-01,26.0
2019-05-02,26.05
2019-05-03,26.09
2019-05-06,26.14
2019-05-07,26.19
2019-05-08,26.23
2019-05-09,26.28
2019-05-10,26.33
2019-05-13,26.37
2019-05-14,26.42
2019-05-15,26.47
2019-05-16,26.51
2019-05-17,26.56
2019-05-20,26.6
2019-05-21,26.65
2019-05-22,26.7
2019-05-23,26.74
2019-05-24,26.79
2019-05-27,26.84
2019-05-28,26.88
2019-05-29,26.93
2019-05-30,26.98
2019-05-31,27.02
2019-06-03,27.07
2019-06-04,27.12
2019-06-05,27.16
2019-06-06,27.21
2019-06-07,27.26
2019-06-10,27.3
2019-06-11,27.35
2019-06-12,27.4
2019-06-13,27.44
2019-06-14,27.49
2019-06-17,27.53
2019-06-18,27.58
2019-06-19,27.63
2019-06-20,27.67
2019-06-21,27.72
2019-06-24,27.77
2019-06-25,27.81
2019-06-26,27.86
2019-06-27,27.91
2019-06-28,27.95
2019-07-01,28.0
2019-07-02,27.93
2019-07-03,27.87
2019-07-04,27.8
2019-07-05,27.74
2019-07-08,27.67
2019-07-09,27.61
2019-07-10,27.54
2019-07-11,27.48
2019-07-12,27.41
2019-07-15,27.35
2019-07-16,27.28
2019-07-17,27.22
2019-07-18,27.15
2019-07-19,27.09
2019-07-22,27.02
2019-07-23,26.96
2019-07-24,26.89
2019-07-25,26.83
2019-07-26,26.76
2019-07-29,26.7
2019-07-30,26.63
2019-07-31,26.57
2019-08-01,26.5
2019-08-02,26.45
2019-08-05,26.41
2019-08-06,26.36
2019-08-07,26.31
2019-08-08,26.27
2019-08-09,26.22
2019-08-12,26.17
2019-08-13,26.13
2019-08-14,26.08
2019-08-15,26.03
2019-08-16,25.99
2019-08-19,25.94
2019-08-20,25.9
2019-08-21,25.85
2019-08-22,25.8
2019-08-23,25.76
2019-08-26,25.71
2019-08-27,25.66
2019-08-28,25.62
2019-08-29,25.57
2019-08-30,25.52
2019-09-02,25.48
2019-09-03,25.43
2019-09-04,25.38
2019-09-05,25.34
2019-09-06,25.29
2019-09-09,25.24
2019-09-10,25.2
2019-09-11,25.15
2019-09-12,25.1
2019-09-13,25.06
2019-09-16,25.01
2019-09-17,24.97
2019-09-18,24.92
2019-09-19,24.87
2019-09-20,24.83
2019-09-23,24.78
2019-09-24,24.73
2019-09-25,24.69
2019-09-26,24.64
2019-09-27,24.59
2019-09-30,24.55
2019-10-01,24.5
2019-10-02,24.51
2019-10-03,24.53
2019-10-04,24.54
2019-10-07,24.55
2019-10-08,24.57
2019-10-09,24.58
2019-10-10,24.59
2019-10-11,24.6
2019-10-14,24.62
2019-10-15,24.63
2019-10-16,24.64
2019-10-17,24.66
2019-10-18,24.67
2019-10-21,24.68
2019-10-22,24.7
2019-10-23,24.71
2019-10-24,24.72
2019-10-25,24.73
2019-10-28,24.75
2019-10-29,24.76
2019-10-30,24.77
2019-10-31,24.79
2019-11-01,24.8
2019-11-04,24.78
2019-11-05,24.76
2019-11-06,24.74
2019-11-07,24.73
2019-11-08,24.71
2019-11-11,24.69
2019-11-12,24.67
2019-11-13,24.65
2019-11-14,24.63
2019-11-15,24.61
2019-11-18,24.6
2019-11-19,24.58
2019-11-20,24.56
2019-11-21,24.54
2019-11-22,24.52
2019-11-25,24.5
2019-11-26,24.48
2019-11-27,24.47
2019-11-28,24.45
2019-11-29,24.43
2019-12-02,24.41
2019-12-03,24.39
2019-12-04,24.37
2019-12-05,24.35
2019-12-06,24.33
2019-12-09,24.32
2019-12-10,24.3
2019-12-11,24.28
2019-12-12,24.26
2019-12-13,24.24
2019-12-16,24.22
2019-12-17,24.2
2019-12-18,24.19
2019-12-19,24.17
2019-12-20,24.15
2019-12-23,24.13
2019-12-24,24.11
2019-12-25,24.09
2019-12-26,24.07
2019-12-27,24.06
2019-12-30,24.04
2019-12-31,24.02
2020-01-01,24.0
2020-01-02,23.92
2020-01-03,23.85
2020-01-06,23.77
2020-01-07,23.69
2020-01-08,23.62
2020-01-09,23.54
2020-01-10,23.46
2020-01-13,23.38
2020-01-14,23.31
2020-01-15,23.23
2020-01-16,23.15
2020-01-17,23.08
2020-01-20,23.0
2020-01-21,22.92
2020-01-22,22.85
2020-01-23,22.77
2020-01-24,22.69
2020-01-27,22.62
2020-01-28,22.54
2020-01-29,22.46
2020-01-30,22.38
2020-01-31,22.31
2020-02-03,22.23
2020-02-04,22.15
2020-02-05,22.08
2020-02-06,22.0
2020-02-07,21.92
2020-02-10,21.85
2020-02-11,21.77
2020-02-12,21.69
2020-02-13,21.62
2020-02-14,21.54
2020-02-17,21.46
2020-02-18,21.38
2020-02-19,21.31
2020-02-20,21.23
2020-02-21,21.15
2020-02-24,21.08
2020-02-25,21.0
2020-02-26,20.92
2020-02-27,20.85
2020-02-28,20.77
2020-03-02,20.69
2020-03-03,20.62
2020-03-04,20.54
2020-03-05,20.46
2020-03-06,20.38
2020-03-09,20.31
2020-03-10,20.23
2020-03-11,20.15
2020-03-12,20.08
2020-03-13,20.0
2020-03-16,19.92
2020-03-17,19.85
2020-03-18,19.77
2020-03-19,19.69
2020-03-20,19.62
2020-03-23,19.54
2020-03-24,19.46
2020-03-25,19.38
2020-03-26,19.31
2020-03-27,19.23
2020-03-30,19.15
2020-03-31,19.08
2020-04-01,19.0
2020-04-02,19.07
2020-04-03,19.14
2020-04-06,19.2
2020-04-07,19.27
2020-04-08,19.34
2020-04-09,19.41
2020-04-10,19.48
2020-04-13,19.55
2020-04-14,19.61
2020-04-15,19.68
2020-04-16,19.75
2020-04-17,19.82
2020-04-20,19.89
2020-04-21,19.95
2020-04-22,20.02
2020-04-23,20.09
2020-04-24,20.16
2020-04-27,20.23
2020-04-28,20.3
2020-04-29,20.36
2020-04-30,20.43
2020-05-01,20.5
2020-05-04,20.57
2020-05-05,20.64
2020-05-06,20.71
2020-05-07,20.79
2020-05-08,20.86
2020-05-11,20.93
2020-05-12,21.0
2020-05-13,21.07
2020-05-14,21.14
2020-05-15,21.21
2020-05-18,21.29
2020-05-19,21.36
2020-05-20,21.43
2020-05-21,21.5
2020-05-22,21.57
2020-05-25,21.64
2020-05-26,21.71
2020-05-27,21.79
2020-05-28,21.86
2020-05-29,21.93
2020-06-01,22.0
2020-06-02,22.25
2020-06-03,22.5
2020-06-04,22.75
2020-06-05,23.0
2020-06-08,23.25
2020-06-09,23.5
2020-06-10,23.75
2020-06-11,24.0
2020-06-12,24.25
2020-06-15,24.5
2020-06-16,24.75
2020-06-17,25.0
2020-06-18,25.25
2020-06-19,25.5
2020-06-22,25.75
2020-06-23,26.0
2020-06-24,26.25
2020-06-25,26.5
2020-06-26,26.75
2020-06-29,27.0
2020-06-30,27.25
2020-07-01,27.5
2020-07-02,27.49
2020-07-03,27.48
2020-07-06,27.47
2020-07-07,27.45
2020-07-08,27.44
2020-07-09,27.43
2020-07-10,27.42
2020-07-13,27.41
2020-07-14,27.4
2020-07-15,27.39
2020-07-16,27.38
2020-07-17,27.36
2020-07-20,27.35
2020-07-21,27.34
2020-07-22,27.33
2020-07-23,27.32
2020-07-24,27.31
2020-07-27,27.3
2020-07-28,27.28
2020-07-29,27.27
2020-07-30,27.26
2020-07-31,27.25
2020-08-03,27.24
2020-08-04,27.23
2020-08-05,27.22
2020-08-06,27.2
2020-08-07,27.19
2020-08-10,27.18
2020-08-11,27.17
2020-08-12,27.16
2020-08-13,27.15
2020-08-14,27.14
2020-08-17,27.12
2020-08-18,27.11
2020-08-19,27.1
2020-08-20,27.09
2020-08-21,27.08
2020-08-24,27.07
2020-08-25,27.06
2020-08-26,27.05
2020-08-27,27.03
2020-08-28,27.02
2020-08-31,27.01
2020-09-01,27.0
2020-09-02,26.93
2020-09-03,26.86
2020-09-04,26.8
2020-09-07,26.73
2020-09-08,26.66
2020-09-09,26.59
2020-09-10,26.52
2020-09-11,26.45
2020-09-14,26.39
2020-09-15,26.32
2020-09-16,26.25
2020-09-17,26.18
2020-09-18,26.11
2020-09-21,26.05
2020-09-22,25.98
2020-09-23,25.91
2020-09-24,25.84
2020-09-25,25.77
2020-09-28,25.7
2020-09-29,25.64
2020-09-30,25.57
2020-10-01,25.5
2020-10-02,25.65
2020-10-05,25.8
2020-10-06,25.95
2020-10-07,26.1
2020-10-08,26.26
2020-10-09,26.41
2020-10-12,26.56
2020-10-13,26.71
2020-10-14,26.86
2020-10-15,27.01
2020-10-16,27.16
2020-10-19,27.31
2020-10-20,27.47
2020-10-21,27.62
2020-10-22,27.77
2020-10-23,27.92
2020-10-26,28.07
2020-10-27,28.22
2020-10-28,28.37
2020-10-29,28.52
2020-10-30,28.67
2020-11-02,28.83
2020-11-03,28.98
2020-11-04,29.13
2020-11-05,29.28
2020-11-06,29.43
2020-11-09,29.58
2020-11-10,29.73
2020-11-11,29.88
2020-11-12,30.03
2020-11-13,30.19
2020-11-16,30.34
2020-11-17,30.49
2020-11-18,30.64
2020-11-19,30.79
2020-11-20,30.94
2020-11-23,31.09
2020-11-24,31.24
2020-11-25,31.4
2020-11-26,31.55
2020-11-27,31.7
2020-11-30,31.85
2020-12-01,32.0
2020-12-02,32.07
2020-12-03,32.13
2020-12-04,32.2
2020-12-07,32.26
2020-12-08,32.33
2020-12-09,32.39
2020-12-10,32.46
2020-12-11,32.52
2020-12-14,32.59
2020-12-15,32.65
2020-12-16,32.72
2020-12-17,32.78
2020-12-18,32.85
2020-12-21,32.91
2020-12-22,32.98
2020-12-23,33.04
2020-12-24,33.11
2020-12-25,33.17
2020-12-28,33.24
2020-12-29,33.3
2020-12-30,33.37
2020-12-31,33.43
2021-01-01,33.5
2021-01-04,33.62
2021-01-05,33.74
2021-01-06,33.86
2021-01-07,33.98
2021-01-08,34.1
2021-01-11,34.21
2021-01-12,34.33
2021-01-13,34.45
2021-01-14,34.57
2021-01-15,34.69
2021-01-18,34.81
2021-01-19,34.93
2021-01-20,35.05
2021-01-21,35.17
2021-01-22,35.29
2021-01-25,35.4
2021-01-26,35.52
2021-01-27,35.64
2021-01-28,35.76
2021-01-29,35.88
2021-02-01,36.0
2021-02-02,36.12
2021-02-03,36.25
2021-02-04,36.38
2021-02-05,36.5
2021-02-08,36.62
2021-02-09,36.75
2021-02-10,36.88
2021-02-11,37.0
2021-02-12,37.12
2021-02-15,37.25
2021-02-16,37.38
2021-02-17,37.5
2021-02-18,37.62
2021-02-19,37.75
2021-02-22,37.88
2021-02-23,38.0
2021-02-24,38.12
2021-02-25,38.25
2021-02-26,38.38
2021-03-01,38.5
2021-03-02,38.74
2021-03-03,38.98
2021-03-04,39.22
2021-03-05,39.46
2021-03-08,39.7
2021-03-09,39.93
2021-03-10,40.17
2021-03-11,40.41
2021-03-12,40.65
2021-03-15,40.89
2021-03-16,41.13
2021-03-17,41.37
2021-03-18,41.61
2021-03-19,41.85
2021-03-22,42.09
2021-03-23,42.33
2021-03-24,42.57
2021-03-25,42.8
2021-03-26,43.04
2021-03-29,43.28
2021-03-30,43.52
2021-03-31,43.76
2021-04-01,44.0
2021-04-02,44.2
2021-04-05,44.4
2021-04-06,44.59
2021-04-07,44.79
2021-04-08,44.99
2021-04-09,45.19
2021-04-12,45.38
2021-04-13,45.58
2021-04-14,45.78
2021-04-15,45.98
2021-04-16,46.17
2021-04-19,46.37
2021-04-20,46.57
2021-04-21,46.77
2021-04-22,46.97
2021-04-23,47.16
2021-04-26,47.36
2021-04-27,47.56
2021-04-28,47.76
2021-04-29,47.95
2021-04-30,48.15
2021-05-03,48.35
2021-05-04,48.55
2021-05-05,48.74
2021-05-06,48.94
2021-05-07,49.14
2021-05-10,49.34
2021-05-11,49.53
2021-05-12,49.73
2021-05-13,49.93
2021-05-14,50.13
2021-05-17,50.33
2021-05-18,50.52
2021-05-19,50.72
2021-05-20,50.92
2021-05-21,51.12
2021-05-24,51.31
2021-05-25,51.51
2021-05-26,51.71
2021-05-27,51.91
2021-05-28,52.1
2021-05-31,52.3
2021-06-01,52.5
2021-06-02,52.61
2021-06-03,52.73
2021-06-04,52.84
2021-06-07,52.95
2021-06-08,53.07
2021-06-09,53.18
2021-06-10,53.3
2021-06-11,53.41
2021-06-14,53.52
2021-06-15,53.64
2021-06-16,53.75
2021-06-17,53.86
2021-06-18,53.98
2021-06-21,54.09
2021-06-22,54.2
2021-06-23,54.32
2021-06-24,54.43
2021-06-25,54.55
2021-06-28,54.66
2021-06-29,54.77
2021-06-30,54.89
2021-07-01,55.0
2021-07-02,55.16
2021-07-05,55.32
2021-07-06,55.48
2021-07-07,55.64
2021-07-08,55.8
2021-07-09,55.95
2021-07-12,56.11
2021-07-13,56.27
2021-07-14,56.43
2021-07-15,56.59
2021-07-16,56.75
2021-07-19,56.91
2021-07-20,57.07
2021-07-21,57.23
2021-07-22,57.39
2021-07-23,57.55
2021-07-26,57.7
2021-07-27,57.86
2021-07-28,58.02
2021-07-29,58.18
2021-07-30,58.34
2021-08-02,58.5
2021-08-03,58.66
2021-08-04,58.82
2021-08-05,58.98
2021-08-06,59.14
2021-08-09,59.3
2021-08-10,59.45
2021-08-11,59.61
2021-08-12,59.77
2021-08-13,59.93
2021-08-16,60.09
2021-08-17,60.25
2021-08-18,60.41
2021-08-19,60.57
2021-08-20,60.73
2021-08-23,60.89
2021-08-24,61.05
2021-08-25,61.2
2021-08-26,61.36
2021-08-27,61.52
2021-08-30,61.68
2021-08-31,61.84
2021-09-01,62.0
2021-09-02,61.91
2021-09-03,61.82
2021-09-06,61.73
2021-09-07,61.64
2021-09-08,61.55
2021-09-09,61.45
2021-09-10,61.36
2021-09-13,61.27
2021-09-14,61.18
2021-09-15,61.09
2021-09-16,61.0
2021-09-17,60.91
2021-09-20,60.82
2021-09-21,60.73
2021-09-22,60.64
2021-09-23,60.55
2021-09-24,60.45
2021-09-27,60.36
2021-09-28,60.27
2021-09-29,60.18
2021-09-30,60.09
2021-10-01,60.0
2021-10-04,60.0
2021-10-05,60.0
2021-10-06,60.0
2021-10-07,60.0
2021-10-08,60.0
2021-10-11,60.0
2021-10-12,60.0
2021-10-13,60.0
2021-10-14,60.0
2021-10-15,60.0
2021-10-18,58.54
2021-10-19,54.52
2021-10-20,57.76
2021-10-21,57.96
2021-10-22,58.25
2021-10-25,58.96
2021-10-26,59.78
2021-10-27,59.88
2021-10-28,58.55
2021-10-29,58.7
2021-11-01,56.92
2021-11-02,59.43
2021-11-03,59.8
2021-11-04,60.29
2021-11-05,59.55
2021-11-08,60.69
2021-11-09,60.54
2021-11-10,63.29
2021-11-11,64.01
2021-11-12,63.53
2021-11-15,66.57
2021-11-16,67.71
2021-11-17,67.58
2021-11-18,69.02
2021-11-19,69.54
2021-11-22,70.09
2021-11-23,69.29
2021-11-24,73.06
2021-11-25,74.75
2021-11-26,73.33
2021-11-29,74.37
2021-11-30,75.47
2021-12-01,77.11
2021-12-02,79.79
2021-12-03,78.51
2021-12-06,81.36
2021-12-07,85.14
2021-12-08,90.12
2021-12-09,80.65
2021-12-10,83.46
2021-12-13,82.33
2021-12-14,79.84
2021-12-15,80.57
2021-12-16,84.78
2021-12-17,73.54
2021-12-20,80.11
2021-12-21,80.0
2021-12-22,76.89
2021-12-23,74.21
2021-12-24,74.47
2021-12-29,79.92
2021-12-30,79.8
2021-12-31,79.57
2022-01-04,84.8
2022-01-05,87.52
2022-01-06,86.82
2022-01-07,85.3
2022-01-10,80.42
2022-01-11,81.73
2022-01-12,80.02
2022-01-13,80.88
2022-01-14,82.25
2022-01-17,80.22
2022-01-18,82.23
2022-01-19,81.61
2022-01-20,85.2
2022-01-21,84.4
2022-01-24,83.59
2022-01-25,87.22
2022-01-26,88.79
2022-01-27,89.85
2022-01-28,89.47
2022-01-31,88.88
2022-02-01,88.86
2022-02-02,93.14
2022-02-03,94.63
2022-02-04,95.33
2022-02-07,95.43
2022-02-08,95.24
2022-02-09,91.41
2022-02-10,90.78
2022-02-11,92.32
2022-02-14,90.81
2022-02-15,89.68
2022-02-16,89.07
2022-02-17,85.75
2022-02-18,88.67
2022-02-21,89.01
2022-02-22,89.0
2022-02-23,94.43
2022-02-24,86.51
2022-02-25,87.15
2022-02-28,81.14
2022-03-01,69.4
2022-03-02,67.37
2022-03-03,66.34
2022-03-04,64.67
2022-03-07,57.72
2022-03-08,67.75
2022-03-09,72.26
2022-03-10,74.88
2022-03-11,75.92
2022-03-14,77.77
2022-03-15,76.41
2022-03-16,77.64
2022-03-17,79.25
2022-03-18,78.08
2022-03-21,78.03
2022-03-22,79.98
2022-03-23,76.36
2022-03-24,78.16
2022-03-25,78.01
2022-03-28,80.12
2022-03-29,80.93
2022-03-30,77.72
2022-03-31,76.0
2022-04-01,77.6
2022-04-04,78.0
2022-04-05,77.89
2022-04-06,76.68
2022-04-07,79.43
2022-04-08,79.56
2022-04-11,77.27
2022-04-12,78.56
2022-04-13,76.93
2022-04-14,79.26
2022-04-19,79.55
2022-04-20,86.29
2022-04-21,85.94
2022-04-22,88.21
2022-04-25,82.58
2022-04-26,81.5
2022-04-27,80.21
2022-04-28,82.04
2022-04-29,82.94
2022-05-03,87.39
2022-05-04,87.04
2022-05-05,87.96
2022-05-06,90.72
2022-05-09,86.13
2022-05-10,86.5
2022-05-11,87.74
2022-05-12,87.25
2022-05-13,87.38
2022-05-16,88.64
2022-05-17,90.74
2022-05-18,83.83
2022-05-19,82.02
2022-05-20,79.65
2022-05-23,77.18
2022-05-24,80.42
2022-05-25,80.68
2022-05-26,84.38
2022-05-27,83.36
2022-05-30,82.78
2022-05-31,83.36
2022-06-01,85.46
2022-06-06,80.79
2022-06-07,80.18
2022-06-08,79.4
2022-06-09,80.29
2022-06-10,81.31
2022-06-13,80.75
2022-06-14,83.26
2022-06-15,85.75
2022-06-16,82.26
2022-06-17,81.54
2022-06-20,83.06
2022-06-21,83.56
2022-06-22,80.82
2022-06-23,82.89
2022-06-24,82.67
2022-06-27,83.69
2022-06-28,86.54
2022-06-29,87.29
2022-06-30,88.82
2022-07-01,84.71
2022-07-04,83.71
2022-07-05,82.38
2022-07-06,82.72
2022-07-07,84.15
2022-07-08,82.12
2022-07-11,83.53
2022-07-12,84.75
2022-07-13,83.11
2022-07-14,83.21
2022-07-15,84.64
2022-07-18,83.99
2022-07-19,82.57
2022-07-20,78.38
2022-07-21,77.2
2022-07-22,75.9
2022-07-25,75.54
2022-07-26,76.02
2022-07-27,75.29
2022-07-28,77.93
2022-07-29,77.33
2022-08-01,79.62
2022-08-02,81.03
2022-08-03,83.07
2022-08-04,83.33
2022-08-05,84.01
2022-08-08,83.32
2022-08-09,84.76
2022-08-10,85.0
2022-08-11,86.14
2022-08-12,83.5
2022-08-15,89.74
2022-08-16,91.24
2022-08-17,95.04
2022-08-18,95.63
2022-08-19,96.42
2022-08-22,90.86
2022-08-23,88.29
2022-08-24,88.11
2022-08-25,87.68
2022-08-26,89.06
2022-08-30,79.6
2022-08-31,79.22
2022-09-01,79.65
2022-09-02,76.88
2022-09-05,73.19
2022-09-06,68.75
2022-09-07,68.9
2022-09-08,66.5
2022-09-09,65.35
2022-09-12,71.17
2022-09-13,69.14
2022-09-14,70.9
2022-09-15,71.1
2022-09-16,71.89
2022-09-20,70.18
2022-09-21,68.91
2022-09-22,69.18
2022-09-23,65.07
2022-09-26,69.16
2022-09-27,67.14
2022-09-28,64.42
2022-09-29,65.21
2022-09-30,65.72
2022-10-03,65.07
2022-10-04,66.61
2022-10-05,66.14
2022-10-06,68.22
2022-10-07,69.0
2022-10-10,65.97
2022-10-11,65.39
2022-10-12,65.72
2022-10-13,67.93
2022-10-14,67.17
2022-10-17,66.47
2022-10-18,66.88
2022-10-19,66.62
2022-10-20,65.99
2022-10-21,68.22
2022-10-24,71.4
2022-10-25,76.0
2022-10-26,74.44
2022-10-27,79.01
2022-10-28,80.45
2022-10-31,78.76
2022-11-01,75.76
2022-11-02,75.86
2022-11-03,75.71
2022-11-04,75.54
2022-11-07,77.0
2022-11-08,75.24
2022-11-09,72.04
2022-11-10,72.31
2022-11-11,74.68
2022-11-14,74.18
2022-11-15,75.84
2022-11-16,72.54
2022-11-17,71.4
2022-11-18,71.25
2022-11-21,73.65
2022-11-22,73.04
2022-11-23,75.1
2022-11-24,77.63
2022-11-25,77.9
2022-11-28,77.79
2022-11-29,80.33
2022-11-30,84.05
2022-12-01,84.04
2022-12-02,86.79
2022-12-05,86.7
2022-12-06,86.77
2022-12-07,87.4
2022-12-08,87.71
2022-12-09,86.49
2022-12-12,89.03
2022-12-13,87.89
2022-12-14,85.68
2022-12-15,84.4
2022-12-16,82.48
2022-12-19,83.2
2022-12-20,85.6
2022-12-21,83.76
2022-12-22,85.29
2022-12-23,85.54
2022-12-28,82.15
2022-12-29,80.57
2022-12-30,80.94
2023-01-03,79.5
2023-01-04,73.9
2023-01-05,75.25
2023-01-06,73.89
2023-01-09,78.38
2023-01-10,77.5
2023-01-11,75.35
2023-01-12,76.57
2023-01-13,76.1
2023-01-16,74.29
2023-01-17,76.06
2023-01-18,79.78
2023-01-19,80.66
2023-01-20,81.5
2023-01-23,81.5
2023-01-24,79.06
2023-01-25,81.3
2023-01-26,85.4
2023-01-27,85.5
2023-01-30,86.11
2023-01-31,89.39
2023-02-01,91.36
2023-02-02,89.25
2023-02-03,89.74
2023-02-06,87.05
2023-02-07,86.72
2023-02-08,86.34
2023-02-09,87.21
2023-02-10,89.12
2023-02-13,88.33
2023-02-14,88.01
2023-02-15,90.74
2023-02-16,93.54
2023-02-17,92.27
2023-02-20,94.35
2023-02-21,96.25
2023-02-22,92.38
2023-02-23,92.67
2023-02-24,93.17
2023-02-27,95.95
2023-02-28,95.04
2023-03-01,92.42
2023-03-02,88.79
2023-03-03,88.03
2023-03-06,89.01
2023-03-07,91.49
2023-03-08,93.55
2023-03-09,94.75
2023-03-10,95.81
2023-03-13,93.62
2023-03-14,88.84
2023-03-15,85.44
2023-03-16,84.2
2023-03-17,83.75
2023-03-20,84.08
2023-03-21,86.56
2023-03-22,85.83
2023-03-23,89.11
2023-03-24,84.45
2023-03-27,84.1
2023-03-28,85.83
2023-03-29,86.55
2023-03-30,87.21
2023-03-31,88.38
2023-04-03,91.99
2023-04-04,91.4
2023-04-05,92.85
2023-04-06,92.84
2023-04-11,94.32
2023-04-12,92.31
2023-04-13,90.77
2023-04-14,90.22
2023-04-17,89.35
2023-04-18,91.85
2023-04-19,91.03
2023-04-20,88.32
2023-04-21,86.36
2023-04-24,85.3
2023-04-25,83.36
2023-04-26,82.44
2023-04-27,82.81
2023-04-28,84.25
2023-05-02,85.18
2023-05-03,81.92
2023-05-04,81.52
2023-05-05,81.9
2023-05-09,83.49
2023-05-10,85.97
2023-05-11,85.28
2023-05-12,85.36
2023-05-15,83.79
2023-05-16,85.64
2023-05-17,85.2
2023-05-18,86.86
2023-05-19,86.32
2023-05-22,84.7
2023-05-23,82.27
2023-05-24,81.86
2023-05-25,79.99
2023-05-26,79.32
2023-05-30,77.58
2023-05-31,78.3
2023-06-01,76.28
2023-06-02,76.25
2023-06-05,79.65
2023-06-06,78.76
2023-06-07,80.75
2023-06-08,81.12
2023-06-09,83.77
2023-06-12,84.3
2023-06-13,87.11
2023-06-14,89.71
2023-06-15,90.2
2023-06-16,88.9
2023-06-19,88.89
2023-06-20,91.5
2023-06-21,87.64
2023-06-22,86.97
2023-06-23,84.77
2023-06-26,83.18
2023-06-27,85.68
2023-06-28,84.53
2023-06-29,84.92
2023-06-30,85.99
2023-07-03,84.37
2023-07-04,84.33
2023-07-05,82.89
2023-07-06,82.83
2023-07-07,83.07
2023-07-10,83.07
2023-07-11,83.88
2023-07-12,82.75
2023-07-13,82.89
2023-07-14,83.16
2023-07-17,83.71
2023-07-18,85.07
2023-07-19,85.93
2023-07-20,87.82
2023-07-21,88.4
2023-07-24,88.0
2023-07-25,88.96
2023-07-26,87.77
2023-07-27,87.93
2023-07-28,85.81
2023-07-31,83.85
2023-08-01,81.69
2023-08-02,80.75
2023-08-03,81.88
2023-08-04,80.96
2023-08-07,80.39
2023-08-08,81.74
2023-08-09,81.26
2023-08-10,82.13
2023-08-11,84.14
2023-08-14,85.32
2023-08-15,84.25
2023-08-16,85.52
2023-08-17,86.14
2023-08-18,85.39
2023-08-21,85.22
2023-08-22,87.22
2023-08-23,85.44
2023-08-24,82.71
2023-08-25,82.26
2023-08-29,82.38
2023-08-30,83.41
2023-08-31,83.39
2023-09-01,82.8
2023-09-04,81.6
2023-09-05,81.4
2023-09-06,81.39
2023-09-07,80.78
2023-09-08,79.36
2023-09-11,79.46
2023-09-12,78.71
2023-09-13,80.73
2023-09-14,80.78
2023-09-15,79.71
2023-09-18,78.53
2023-09-19,79.02
2023-09-20,80.46
2023-09-21,82.07
2023-09-22,83.28
2023-09-25,82.78
2023-09-26,80.5
2023-09-27,80.08
2023-09-28,80.56
2023-09-29,79.31
2023-10-02,78.81
2023-10-03,77.71
2023-10-04,79.72
2023-10-05,78.6
2023-10-06,78.43
2023-10-09,79.64
2023-10-10,82.82
2023-10-11,81.7
2023-10-12,83.28
2023-10-13,83.49
2023-10-16,82.15
2023-10-17,80.44
2023-10-18,79.93
2023-10-19,79.65
2023-10-20,79.67
2023-10-23,78.63
2023-10-24,78.72
2023-10-25,78.21
2023-10-26,77.5
2023-10-27,77.55
2023-10-30,76.92
2023-10-31,77.19
2023-11-01,76.69
2023-11-02,77.18
2023-11-03,75.67
2023-11-06,74.25
2023-11-07,73.73
2023-11-08,73.89
2023-11-09,75.88
2023-11-10,76.86
2023-11-13,75.53
2023-11-14,76.86
2023-11-15,78.07
2023-11-16,75.36
2023-11-17,74.67
2023-11-20,75.1
2023-11-21,74.02
2023-11-22,73.5
2023-11-23,75.11
2023-11-24,75.03
2023-11-27,71.49
2023-11-28,71.4
2023-11-29,69.46
2023-11-30,69.46
2023-12-01,71.14
2023-12-04,69.09
2023-12-05,67.3
2023-12-06,67.82
2023-12-07,68.34
2023-12-08,67.4
2023-12-11,66.15
2023-12-12,66.85
2023-12-13,67.56
2023-12-14,65.33
2023-12-15,65.76
2023-12-18,67.8
2023-12-19,67.82
2023-12-20,71.21
2023-12-21,73.54
2023-12-22,74.57
2023-12-27,74.99
2023-12-28,75.75
2023-12-29,76.6
2024-01-02,71.89
2024-01-03,73.32
2024-01-04,71.36
2024-01-05,72.14
2024-01-08,68.2
2024-01-09,68.25
2024-01-10,65.96
2024-01-11,64.25
2024-01-12,62.1
2024-01-15,63.44
2024-01-16,61.92
2024-01-17,59.83
2024-01-18,59.93
2024-01-19,59.95
2024-01-22,59.34
2024-01-23,59.58
2024-01-24,62.12
2024-01-25,59.76
2024-01-26,59.98
2024-01-29,58.53
2024-01-30,60.46
2024-01-31,60.89
2024-02-01,59.01
2024-02-02,60.13
2024-02-05,60.87
2024-02-06,60.36
2024-02-07,59.19
2024-02-08,57.53
2024-02-09,55.65
2024-02-12,53.85
2024-02-13,53.33
2024-02-14,53.58
2024-02-15,55.19
2024-02-16,54.1
2024-02-19,50.65
2024-02-20,51.4
2024-02-21,52.1
2024-02-22,49.92
2024-02-23,49.67
2024-02-26,51.04
2024-02-27,52.99
2024-02-28,54.98
2024-02-29,53.08
2024-03-01,53.65
2024-03-04,54.19
2024-03-05,57.13
2024-03-06,56.53
2024-03-07,56.37
2024-03-08,55.49
2024-03-11,53.29
2024-03-12,53.72
2024-03-13,53.07
2024-03-14,55.31
2024-03-15,57.0
2024-03-18,58.15
2024-03-19,58.12
2024-03-20,57.65
2024-03-21,56.37
2024-03-22,58.5
2024-03-25,61.92
2024-03-26,60.5
2024-03-27,59.32
2024-03-28,58.99
2024-04-02,56.28
2024-04-03,57.62
2024-04-04,55.77
2024-04-05,57.78
2024-04-08,60.51
2024-04-09,60.9
2024-04-10,59.92
2024-04-11,65.22
2024-04-12,68.21
2024-04-15,67.47
2024-04-16,70.68
2024-04-17,66.89
2024-04-18,68.43
2024-04-19,65.24
2024-04-22,63.25
2024-04-23,63.15
2024-04-24,63.71
2024-04-25,65.25
2024-04-26,64.06
2024-04-29,62.81
2024-04-30,65.72
2024-05-01,64.54
2024-05-02,69.51
2024-05-03,68.39
2024-05-07,67.64
2024-05-08,68.65
2024-05-09,70.21
2024-05-10,68.23
2024-05-13,66.82
2024-05-14,67.19
2024-05-15,66.46
2024-05-16,67.08
2024-05-17,67.22
2024-05-20,70.86
2024-05-21,72.79
2024-05-22,72.92
2024-05-23,72.6
2024-05-24,72.26
2024-05-28,71.57
2024-05-29,70.83
2024-05-30,72.12
2024-05-31,70.69
2024-06-03,70.93
2024-06-04,69.69
2024-06-05,68.87
2024-06-06,68.71
2024-06-07,68.58
2024-06-10,68.08
2024-06-11,67.44
2024-06-12,68.02
2024-06-13,68.11
2024-06-14,65.74
2024-06-17,65.34
2024-06-18,65.39
2024-06-19,67.22
2024-06-20,66.24
2024-06-21,65.27
2024-06-24,64.51
2024-06-25,65.07
2024-06-26,64.56
2024-06-27,64.06
2024-06-28,64.57
2024-07-01,65.18
2024-07-02,67.75
2024-07-03,67.68
2024-07-04,67.35
2024-07-05,67.15
2024-07-08,66.07
2024-07-09,65.64
2024-07-10,65.56
2024-07-11,65.61
2024-07-12,66.65
2024-07-15,64.86
2024-07-16,64.8
2024-07-17,64.1
2024-07-18,63.79
2024-07-19,63.61
2024-07-22,62.1
2024-07-23,63.01
2024-07-24,66.14
2024-07-25,64.22
2024-07-26,65.22
2024-07-29,65.95
2024-07-30,65.7
2024-07-31,66.67
2024-08-01,68.38
2024-08-02,67.65
2024-08-05,66.18
2024-08-06,67.31
2024-08-07,68.4
2024-08-08,68.3
2024-08-09,67.46
2024-08-12,69.85
2024-08-13,68.83
2024-08-14,69.0
2024-08-15,69.11
2024-08-16,69.76
2024-08-19,70.28
2024-08-20,70.39
2024-08-21,69.82
2024-08-22,69.01
2024-08-23,68.83
2024-08-27,69.06
2024-08-28,68.35
2024-08-29,68.65
2024-08-30,67.51
2024-09-02,68.11
2024-09-03,65.9
2024-09-04,64.86
2024-09-05,64.14
2024-09-06,64.18
2024-09-09,64.22
2024-09-10,63.52
2024-09-11,64.04
2024-09-12,63.19
2024-09-13,62.53
2024-09-16,61.76
2024-09-17,62.54
2024-09-18,61.62
2024-09-19,60.74
2024-09-20,61.47
2024-09-23,61.83
2024-09-24,61.8
2024-09-25,63.15
2024-09-26,63.0
2024-09-27,63.98
2024-09-30,63.26
2024-10-01,61.83
2024-10-02,61.06
2024-10-03,60.49
2024-10-04,60.14
2024-10-07,60.04
2024-10-08,58.6
2024-10-09,60.61
2024-10-10,62.85
2024-10-11,62.49
2024-10-14,63.7
2024-10-15,62.76
2024-10-16,61.48
2024-10-17,61.35
2024-10-18,60.46
2024-10-21,59.86
2024-10-22,60.71
2024-10-23,62.72
2024-10-24,64.7
2024-10-25,64.8
2024-10-28,64.31
2024-10-29,67.18
2024-10-30,63.76
2024-10-31,62.58
2024-11-01,62.06
2024-11-04,63.22
2024-11-05,62.29
2024-11-06,61.92
2024-11-07,63.78
2024-11-08,65.86
2024-11-11,65.8
2024-11-12,65.35
2024-11-13,64.34
2024-11-14,66.23
2024-11-15,65.69
2024-11-18,67.35
2024-11-19,66.58
2024-11-20,66.62
2024-11-21,67.83
2024-11-22,67.14
2024-11-25,67.9
2024-11-26,67.26
2024-11-27,66.36
2024-11-28,65.95
2024-11-29,66.54
2024-12-02,66.82
2024-12-03,66.56
2024-12-04,66.04
2024-12-05,65.38
2024-12-06,66.55
2024-12-09,64.47
2024-12-10,66.36
2024-12-11,66.92
2024-12-12,64.36
2024-12-13,62.9
2024-12-16,61.49
2024-12-17,60.77
2024-12-18,61.22
2024-12-19,64.02
2024-12-20,64.12
2024-12-23,65.5
2024-12-24,65.62
2024-12-27,67.52
2024-12-30,67.65
2024-12-31,68.61
