date,price_eur_mwh
2015-01-01,22.5
2015-01-02,22.48
2015-01-05,22.46
2015-01-06,22.44
2015-01-07,22.42
2015-01-08,22.41
2015-01-09,22.39
2015-01-12,22.37
2015-01-13,22.35
2015-01-14,22.33
2015-01-15,22.31
2015-01-16,22.29
2015-01-19,22.28
2015-01-20,22.26
2015-01-21,22.24
2015-01-22,22.22
2015-01-23,22.2
2015-01-26,22.18
2015-01-27,22.16
2015-01-28,22.14
2015-01-29,22.12
2015-01-30,22.11
2015-02-02,22.09
2015-02-03,22.07
2015-02-04,22.05
2015-02-05,22.03
2015-02-06,22.01
2015-02-09,21.99
2015-02-10,21.98
2015-02-11,21.96
2015-02-12,21.94
2015-02-13,21.92
2015-02-16,21.9
2015-02-17,21.88
2015-02-18,21.86
2015-02-19,21.84
2015-02-20,21.82
2015-02-23,21.81
2015-02-24,21.79
2015-02-25,21.77
2015-02-26,21.75
2015-02-27,21.73
2015-03-02,21.71
2015-03-03,21.69
2015-03-04,21.68
2015-03-05,21.66
2015-03-06,21.64
2015-03-09,21.62
2015-03-10,21.6
2015-03-11,21.58
2015-03-12,21.56
2015-03-13,21.54
2015-03-16,21.52
2015-03-17,21.51
2015-03-18,21.49
2015-03-19,21.47
2015-03-20,21.45
2015-03-23,21.43
2015-03-24,21.41
2015-03-25,21.39
2015-03-26,21.38
2015-03-27,21.36
2015-03-30,21.34
2015-03-31,21.32
2015-04-01,21.3
2015-04-02,21.29
2015-04-03,21.27
2015-04-06,21.26
2015-04-07,21.25
2015-04-08,21.23
2015-04-09,21.22
2015-04-10,21.2
2015-04-13,21.19
2015-04-14,21.18
2015-04-15,21.16
2015-04-16,21.15
2015-04-17,21.14
2015-04-20,21.12
2015-04-21,21.11
2015-04-22,21.1
2015-04-23,21.08
2015-04-24,21.07
2015-04-27,21.05
2015-04-28,21.04
2015-04-29,21.03
2015-04-30,21.01
2015-05-01,21.0
2015-05-04,20.98
2015-05-05,20.95
2015-05-06,20.93
2015-05-07,20.9
2015-05-08,20.88
2015-05-11,20.86
2015-05-12,20.83
2015-05-13,20.81
2015-05-14,20.79
2015-05-15,20.76
2015-05-18,20.74
2015-05-19,20.71
2015-05-20,20.69
2015-05-21,20.67
2015-05-22,20.64
2015-05-25,20.62
2015-05-26,20.6
2015-05-27,20.57
2015-05-28,20.55
2015-05-29,20.52
2015-06-01,20.5
2015-06-02,20.51
2015-06-03,20.53
2015-06-04,20.54
2015-06-05,20.55
2015-06-08,20.57
2015-06-09,20.58
2015-06-10,20.6
2015-06-11,20.61
2015-06-12,20.62
2015-06-15,20.64
2015-06-16,20.65
2015-06-17,20.66
2015-06-18,20.68
2015-06-19,20.69
2015-06-22,20.7
2015-06-23,20.72
2015-06-24,20.73
2015-06-25,20.75
2015-06-26,20.76
2015-06-29,20.77
2015-06-30,20.79
2015-07-01,20.8
2015-07-02,20.77
2015-07-03,20.74
2015-07-06,20.71
2015-07-07,20.68
2015-07-08,20.65
2015-07-09,20.62
2015-07-10,20.59
2015-07-13,20.56
2015-07-14,20.53
2015-07-15,20.5
2015-07-16,20.48
2015-07-17,20.45
2015-07-20,20.42
2015-07-21,20.39
2015-07-22,20.36
2015-07-23,20.33
2015-07-24,20.3
2015-07-27,20.27
2015-07-28,20.24
2015-07-29,20.21
2015-07-30,20.18
2015-07-31,20.15
2015-08-03,20.12
2015-08-04,20.09
2015-08-05,20.06
2015-08-06,20.03
2015-08-07,20.0
2015-08-10,19.97
2015-08-11,19.94
2015-08-12,19.91
2015-08-13,19.88
2015-08-14,19.85
2015-08-17,19.82
2015-08-18,19.8
2015-08-19,19.77
2015-08-20,19.74
2015-08-21,19.71
2015-08-24,19.68
2015-08-25,19.65
2015-08-26,19.62
2015-08-27,19.59
2015-08-28,19.56
2015-08-31,19.53
2015-09-01,19.5
2015-09-02,19.51
2015-09-03,19.53
2015-09-04,19.54
2015-09-07,19.55
2015-09-08,19.57
2015-09-09,19.58
2015-09-10,19.6
2015-09-11,19.61
2015-09-14,19.62
2015-09-15,19.64
2015-09-16,19.65
2015-09-17,19.66
2015-09-18,19.68
2015-09-21,19.69
2015-09-22,19.7
2015-09-23,19.72
2015-09-24,19.73
2015-09-25,19.75
2015-09-28,19.76
2015-09-29,19.77
2015-09-30,19.79
2015-10-01,19.8
2015-10-02,19.72
2015-10-05,19.65
2015-10-06,19.57
2015-10-07,19.49
2015-10-08,19.42
2015-10-09,19.34
2015-10-12,19.26
2015-10-13,19.19
2015-10-14,19.11
2015-10-15,19.03
2015-10-16,18.96
2015-10-19,18.88
2015-10-20,18.8
2015-10-21,18.73
2015-10-22,18.65
2015-10-23,18.57
2015-10-26,18.5
2015-10-27,18.42
2015-10-28,18.34
2015-10-29,18.27
2015-10-30,18.19
2015-11-02,18.11
2015-11-03,18.03
2015-11-04,17.96
2015-11-05,17.88
2015-11-06,17.8
2015-11-09,17.73
2015-11-10,17.65
2015-11-11,17.57
2015-11-12,17.5
2015-11-13,17.42
2015-11-16,17.34
2015-11-17,17.27
2015-11-18,17.19
2015-11-19,17.11
2015-11-20,17.04
2015-11-23,16.96
2015-11-24,16.88
2015-11-25,16.81
2015-11-26,16.73
2015-11-27,16.65
2015-11-30,16.58
2015-12-01,16.5
2015-12-02,16.41
2015-12-03,16.33
2015-12-04,16.24
2015-12-07,16.15
2015-12-08,16.07
2015-12-09,15.98
2015-12-10,15.89
2015-12-11,15.8
2015-12-14,15.72
2015-12-15,15.63
2015-12-16,15.54
2015-12-17,15.46
2015-12-18,15.37
2015-12-21,15.28
2015-12-22,15.2
2015-12-23,15.11
2015-12-24,15.02
2015-12-25,14.93
2015-12-28,14.85
2015-12-29,14.76
2015-12-30,14.67
2015-12-31,14.59
2016-01-01,14.5
2016-01-04,14.4
2016-01-05,14.31
2016-01-06,14.21
2016-01-07,14.12
2016-01-08,14.02
2016-01-11,13.93
2016-01-12,13.83
2016-01-13,13.74
2016-01-14,13.64
2016-01-15,13.55
2016-01-18,13.45
2016-01-19,13.36
2016-01-20,13.26
2016-01-21,13.17
2016-01-22,13.07
2016-01-25,12.98
2016-01-26,12.88
2016-01-27,12.79
2016-01-28,12.69
2016-01-29,12.6
2016-02-01,12.5
2016-02-02,12.48
2016-02-03,12.45
2016-02-04,12.43
2016-02-05,12.4
2016-02-08,12.38
2016-02-09,12.36
2016-02-10,12.33
2016-02-11,12.31
2016-02-12,12.29
2016-02-15,12.26
2016-02-16,12.24
2016-02-17,12.21
2016-02-18,12.19
2016-02-19,12.17
2016-02-22,12.14
2016-02-23,12.12
2016-02-24,12.1
2016-02-25,12.07
2016-02-26,12.05
2016-02-29,12.02
2016-03-01,12.0
2016-03-02,12.01
2016-03-03,12.03
2016-03-04,12.04
2016-03-07,12.05
2016-03-08,12.07
2016-03-09,12.08
2016-03-10,12.09
2016-03-11,12.1
2016-03-14,12.12
2016-03-15,12.13
2016-03-16,12.14
2016-03-17,12.16
2016-03-18,12.17
2016-03-21,12.18
2016-03-22,12.2
2016-03-23,12.21
2016-03-24,12.22
2016-03-25,12.23
2016-03-28,12.25
2016-03-29,12.26
2016-03-30,12.27
2016-03-31,12.29
2016-04-01,12.3
2016-04-04,12.33
2016-04-05,12.36
2016-04-06,12.38
2016-04-07,12.41
2016-04-08,12.44
2016-04-11,12.47
2016-04-12,12.5
2016-04-13,12.52
2016-04-14,12.55
2016-04-15,12.58
2016-04-18,12.61
2016-04-19,12.63
2016-04-20,12.66
2016-04-21,12.69
2016-04-22,12.72
2016-04-25,12.75
2016-04-26,12.77
2016-04-27,12.8
2016-04-28,12.83
2016-04-29,12.86
2016-05-02,12.89
2016-05-03,12.91
2016-05-04,12.94
2016-05-05,12.97
2016-05-06,13.0
2016-05-09,13.03
2016-05-10,13.05
2016-05-11,13.08
2016-05-12,13.11
2016-05-13,13.14
2016-05-16,13.17
2016-05-17,13.19
2016-05-18,13.22
2016-05-19,13.25
2016-05-20,13.28
2016-05-23,13.3
2016-05-24,13.33
2016-05-25,13.36
2016-05-26,13.39
2016-05-27,13.42
2016-05-30,13.44
2016-05-31,13.47
2016-06-01,13.5
2016-06-02,13.48
2016-06-03,13.45
2016-06-06,13.43
2016-06-07,13.41
2016-06-08,13.39
2016-06-09,13.36
2016-06-10,13.34
2016-06-13,13.32
2016-06-14,13.3
2016-06-15,13.27
2016-06-16,13.25
2016-06-17,13.23
2016-06-20,13.2
2016-06-21,13.18
2016-06-22,13.16
2016-06-23,13.14
2016-06-24,13.11
2016-06-27,13.09
2016-06-28,13.07
2016-06-29,13.05
2016-06-30,13.02
2016-07-01,13.0
2016-07-04,13.06
2016-07-05,13.11
2016-07-06,13.17
2016-07-07,13.23
2016-07-08,13.29
2016-07-11,13.34
2016-07-12,13.4
2016-07-13,13.46
2016-07-14,13.51
2016-07-15,13.57
2016-07-18,13.63
2016-07-19,13.69
2016-07-20,13.74
2016-07-21,13.8
2016-07-22,13.86
2016-07-25,13.91
2016-07-26,13.97
2016-07-27,14.03
2016-07-28,14.09
2016-07-29,14.14
2016-08-01,14.2
2016-08-02,14.26
2016-08-03,14.31
2016-08-04,14.37
2016-08-05,14.43
2016-08-08,14.48
2016-08-09,14.54
2016-08-10,14.6
2016-08-11,14.65
2016-08-12,14.71
2016-08-15,14.77
2016-08-16,14.82
2016-08-17,14.88
2016-08-18,14.93
2016-08-19,14.99
2016-08-22,15.05
2016-08-23,15.1
2016-08-24,15.16
2016-08-25,15.22
2016-08-26,15.27
2016-08-29,15.33
2016-08-30,15.39
2016-08-31,15.44
2016-09-01,15.5
2016-09-02,15.56
2016-09-05,15.63
2016-09-06,15.69
2016-09-07,15.75
2016-09-08,15.81
2016-09-09,15.88
2016-09-12,15.94
2016-09-13,16.0
2016-09-14,16.07
2016-09-15,16.13
2016-09-16,16.19
2016-09-19,16.25
2016-09-20,16.32
2016-09-21,16.38
2016-09-22,16.44
2016-09-23,16.5
2016-09-26,16.57
2016-09-27,16.63
2016-09-28,16.69
2016-09-29,16.76
2016-09-30,16.82
2016-10-03,16.88
2016-10-04,16.94
2016-10-05,17.01
2016-10-06,17.07
2016-10-07,17.13
2016-10-10,17.2
2016-10-11,17.26
2016-10-12,17.32
2016-10-13,17.38
2016-10-14,17.45
2016-10-17,17.51
2016-10-18,17.57
2016-10-19,17.63
2016-10-20,17.7
2016-10-21,17.76
2016-10-24,17.82
2016-10-25,17.89
2016-10-26,17.95
2016-10-27,18.01
2016-10-28,18.07
2016-10-31,18.14
2016-11-01,18.2
2016-11-02,18.21
2016-11-03,18.23
2016-11-04,18.24
2016-11-07,18.25
2016-11-08,18.27
2016-11-09,18.28
2016-11-10,18.3
2016-11-11,18.31
2016-11-14,18.32
2016-11-15,18.34
2016-11-16,18.35
2016-11-17,18.36
2016-11-18,18.38
2016-11-21,18.39
2016-11-22,18.4
2016-11-23,18.42
2016-11-24,18.43
2016-11-25,18.45
2016-11-28,18.46
2016-11-29,18.47
2016-11-30,18.49
2016-12-01,18.5
2016-12-02,18.51
2016-12-05,18.51
2016-12-06,18.52
2016-12-07,18.53
2016-12-08,18.53
2016-12-09,18.54
2016-12-12,18.55
2016-12-13,18.55
2016-12-14,18.56
2016-12-15,18.57
2016-12-16,18.58
2016-12-19,18.58
2016-12-20,18.59
2016-12-21,18.6
2016-12-22,18.6
2016-12-23,18.61
2016-12-26,18.62
2016-12-27,18.62
2016-12-28,18.63
2016-12-29,18.64
2016-12-30,18.64
2017-01-02,18.65
2017-01-03,18.66
2017-01-04,18.66
2017-01-05,18.67
2017-01-06,18.68
2017-01-09,18.68
2017-01-10,18.69
2017-01-11,18.7
2017-01-12,18.7
2017-01-13,18.71
2017-01-16,18.72
2017-01-17,18.73
2017-01-18,18.73
2017-01-19,18.74
2017-01-20,18.75
2017-01-23,18.75
2017-01-24,18.76
2017-01-25,18.77
2017-01-26,18.77
2017-01-27,18.78
2017-01-30,18.79
2017-01-31,18.79
2017-02-01,18.8
2017-02-02,18.74
2017-02-03,18.67
2017-02-06,18.6
2017-02-07,18.54
2017-02-08,18.48
2017-02-09,18.41
2017-02-10,18.34
2017-02-13,18.28
2017-02-14,18.22
2017-02-15,18.15
2017-02-16,18.08
2017-02-17,18.02
2017-02-20,17.96
2017-02-21,17.89
2017-02-22,17.82
2017-02-23,17.76
2017-02-24,17.7
2017-02-27,17.63
2017-02-28,17.57
2017-03-01,17.5
2017-03-02,17.46
2017-03-03,17.42
2017-03-06,17.38
2017-03-07,17.34
2017-03-08,17.3
2017-03-09,17.26
2017-03-10,17.22
2017-03-13,17.18
2017-03-14,17.14
2017-03-15,17.1
2017-03-16,17.07
2017-03-17,17.03
2017-03-20,16.99
2017-03-21,16.95
2017-03-22,16.91
2017-03-23,16.87
2017-03-24,16.83
2017-03-27,16.79
2017-03-28,16.75
2017-03-29,16.71
2017-03-30,16.67
2017-03-31,16.63
2017-04-03,16.59
2017-04-04,16.55
2017-04-05,16.51
2017-04-06,16.47
2017-04-07,16.43
2017-04-10,16.39
2017-04-11,16.35
2017-04-12,16.31
2017-04-13,16.27
2017-04-14,16.23
2017-04-17,16.2
2017-04-18,16.16
2017-04-19,16.12
2017-04-20,16.08
2017-04-21,16.04
2017-04-24,16.0
2017-04-25,15.96
2017-04-26,15.92
2017-04-27,15.88
2017-04-28,15.84
2017-05-01,15.8
2017-05-02,15.77
2017-05-03,15.75
2017-05-04,15.72
2017-05-05,15.7
2017-05-08,15.67
2017-05-09,15.64
2017-05-10,15.62
2017-05-11,15.59
2017-05-12,15.57
2017-05-15,15.54
2017-05-16,15.51
2017-05-17,15.49
2017-05-18,15.46
2017-05-19,15.43
2017-05-22,15.41
2017-05-23,15.38
2017-05-24,15.36
2017-05-25,15.33
2017-05-26,15.3
2017-05-29,15.28
2017-05-30,15.25
2017-05-31,15.23
2017-06-01,15.2
2017-06-02,15.22
2017-06-05,15.24
2017-06-06,15.26
2017-06-07,15.27
2017-06-08,15.29
2017-06-09,15.31
2017-06-12,15.33
2017-06-13,15.35
2017-06-14,15.37
2017-06-15,15.39
2017-06-16,15.4
2017-06-19,15.42
2017-06-20,15.44
2017-06-21,15.46
2017-06-22,15.48
2017-06-23,15.5
2017-06-26,15.52
2017-06-27,15.53
2017-06-28,15.55
2017-06-29,15.57
2017-06-30,15.59
2017-07-03,15.61
2017-07-04,15.63
2017-07-05,15.65
2017-07-06,15.67
2017-07-07,15.68
2017-07-10,15.7
2017-07-11,15.72
2017-07-12,15.74
2017-07-13,15.76
2017-07-14,15.78
2017-07-17,15.8
2017-07-18,15.81
2017-07-19,15.83
2017-07-20,15.85
2017-07-21,15.87
2017-07-24,15.89
2017-07-25,15.91
2017-07-26,15.93
2017-07-27,15.94
2017-07-28,15.96
2017-07-31,15.98
2017-08-01,16.0
2017-08-02,16.05
2017-08-03,16.1
2017-08-04,16.16
2017-08-07,16.21
2017-08-08,16.26
2017-08-09,16.31
2017-08-10,16.37
2017-08-11,16.42
2017-08-14,16.47
2017-08-15,16.52
2017-08-16,16.57
2017-08-17,16.63
2017-08-18,16.68
2017-08-21,16.73
2017-08-22,16.78
2017-08-23,16.83
2017-08-24,16.89
2017-08-25,16.94
2017-08-28,16.99
2017-08-29,17.04
2017-08-30,17.1
2017-08-31,17.15
2017-09-01,17.2
2017-09-04,17.2
2017-09-05,17.2
2017-09-06,17.2
2017-09-07,17.2
2017-09-08,17.2
2017-09-11,17.2
2017-09-12,17.2
2017-09-13,17.2
2017-09-14,17.2
2017-09-15,17.2
2017-09-18,17.2
2017-09-19,17.2
2017-09-20,17.2
2017-09-21,17.2
2017-09-22,17.2
2017-09-25,17.2
2017-09-26,17.2
2017-09-27,17.2
2017-09-28,17.2
2017-09-29,17.2
2017-10-02,17.2
2017-10-03,17.2
2017-10-04,17.2
2017-10-05,17.2
2017-10-06,17.2
2017-10-09,17.2
2017-10-10,17.2
2017-10-11,17.2
2017-10-12,17.2
2017-10-13,17.2
2017-10-16,17.2
2017-10-17,17.2
2017-10-18,17.2
2017-10-19,17.2
2017-10-20,17.2
2017-10-23,18.09
2017-10-24,17.96
2017-10-25,18.11
2017-10-26,18.07
2017-10-27,18.15
2017-10-30,18.11
2017-10-31,18.28
2017-11-01,18.55
2017-11-02,18.58
2017-11-03,18.31
2017-11-06,19.01
2017-11-07,19.33
2017-11-08,19.38
2017-11-09,19.51
2017-11-10,19.82
2017-11-13,19.91
2017-11-14,19.33
2017-11-15,19.01
2017-11-16,19.2
2017-11-17,18.95
2017-11-20,19.5
2017-11-21,19.84
2017-11-22,19.7
2017-11-24,20.45
2017-11-27,20.68
2017-11-28,20.28
2017-11-29,20.35
2017-11-30,20.31
2017-12-01,20.79
2017-12-04,21.38
2017-12-05,21.41
2017-12-06,21.17
2017-12-07,21.26
2017-12-08,20.89
2017-12-11,21.14
2017-12-12,21.73
2017-12-13,20.67
2017-12-14,21.02
2017-12-15,21.01
2017-12-18,20.46
2017-12-19,19.95
2017-12-20,20.3
2017-12-21,20.0
2017-12-22,19.67
2017-12-26,19.67
2017-12-27,19.19
2017-12-28,19.7
2017-12-29,19.62
2018-01-02,19.32
2018-01-03,19.33
2018-01-04,19.2
2018-01-05,18.92
2018-01-08,19.05
2018-01-09,19.43
2018-01-10,19.33
2018-01-11,19.32
2018-01-12,19.81
2018-01-16,18.9
2018-01-17,18.44
2018-01-18,18.35
2018-01-19,18.19
2018-01-22,18.55
2018-01-23,18.2
2018-01-24,17.79
2018-01-25,17.78
2018-01-26,17.78
2018-01-29,17.4
2018-01-30,17.41
2018-01-31,17.88
2018-02-01,18.15
2018-02-02,18.16
2018-02-05,17.59
2018-02-06,17.88
2018-02-07,18.16
2018-02-08,17.74
2018-02-09,17.9
2018-02-12,17.95
2018-02-13,18.31
2018-02-14,18.08
2018-02-15,17.79
2018-02-16,18.17
2018-02-20,19.77
2018-02-21,19.78
2018-02-22,19.94
2018-02-23,20.41
2018-02-26,18.69
2018-02-27,19.19
2018-02-28,17.35
2018-03-01,17.56
2018-03-02,17.81
2018-03-05,17.51
2018-03-06,17.7
2018-03-07,17.83
2018-03-08,18.32
2018-03-09,18.94
2018-03-12,19.71
2018-03-13,19.47
2018-03-14,18.61
2018-03-15,18.8
2018-03-16,18.66
2018-03-19,18.7
2018-03-20,19.17
2018-03-21,19.39
2018-03-22,19.01
2018-03-23,18.44
2018-03-26,17.99
2018-03-27,18.5
2018-03-28,18.37
2018-03-29,18.23
2018-04-02,18.23
2018-04-03,18.04
2018-04-04,18.18
2018-04-05,18.13
2018-04-06,18.18
2018-04-09,18.65
2018-04-10,18.84
2018-04-11,19.25
2018-04-12,19.22
2018-04-13,19.57
2018-04-16,19.35
2018-04-17,19.01
2018-04-18,19.31
2018-04-19,19.86
2018-04-20,19.8
2018-04-23,19.89
2018-04-24,19.67
2018-04-25,19.88
2018-04-26,20.15
2018-04-27,20.26
2018-04-30,20.56
2018-05-01,20.09
2018-05-02,19.86
2018-05-03,19.95
2018-05-04,20.42
2018-05-07,20.42
2018-05-08,20.6
2018-05-09,20.84
2018-05-10,21.0
2018-05-11,21.26
2018-05-14,21.62
2018-05-15,21.54
2018-05-16,21.67
2018-05-17,22.3
2018-05-18,22.06
2018-05-21,22.38
2018-05-22,22.91
2018-05-23,22.72
2018-05-24,22.69
2018-05-25,21.81
2018-05-29,22.66
2018-05-30,22.99
2018-05-31,22.58
2018-06-01,21.77
2018-06-04,21.91
2018-06-05,21.43
2018-06-06,21.32
2018-06-07,21.67
2018-06-08,21.54
2018-06-11,21.35
2018-06-12,21.78
2018-06-13,22.38
2018-06-14,22.35
2018-06-15,21.75
2018-06-18,22.14
2018-06-19,21.69
2018-06-20,21.5
2018-06-21,21.55
2018-06-22,21.66
2018-06-25,21.55
2018-06-26,21.5
2018-06-27,22.03
2018-06-28,21.96
2018-06-29,21.88
2018-07-02,22.24
2018-07-03,22.26
2018-07-05,22.47
2018-07-06,22.35
2018-07-09,22.73
2018-07-10,22.73
2018-07-11,22.58
2018-07-12,21.97
2018-07-13,22.26
2018-07-16,22.02
2018-07-17,21.85
2018-07-18,22.14
2018-07-19,22.16
2018-07-20,21.88
2018-07-23,22.03
2018-07-24,22.09
2018-07-25,22.17
2018-07-26,22.11
2018-07-27,21.89
2018-07-30,22.06
2018-07-31,22.11
2018-08-01,21.93
2018-08-02,21.93
2018-08-03,22.26
2018-08-06,22.5
2018-08-07,22.61
2018-08-08,22.6
2018-08-09,22.72
2018-08-10,22.88
2018-08-13,23.5
2018-08-14,23.73
2018-08-15,23.52
2018-08-16,23.83
2018-08-17,24.16
2018-08-20,24.18
2018-08-21,24.41
2018-08-22,24.45
2018-08-23,24.76
2018-08-24,24.98
2018-08-27,25.41
2018-08-28,25.36
2018-08-29,25.87
2018-08-30,26.13
2018-08-31,25.83
2018-09-04,26.71
2018-09-05,27.02
2018-09-06,27.45
2018-09-07,27.99
2018-09-10,29.12
2018-09-11,28.78
2018-09-12,27.5
2018-09-13,26.81
2018-09-14,26.93
2018-09-17,28.08
2018-09-18,27.41
2018-09-19,28.32
2018-09-20,28.59
2018-09-21,28.73
2018-09-24,29.25
2018-09-25,29.23
2018-09-26,28.26
2018-09-27,27.58
2018-09-28,27.33
2018-10-01,27.44
2018-10-02,27.25
2018-10-03,27.11
2018-10-04,27.47
2018-10-05,27.9
2018-10-08,27.22
2018-10-09,26.83
2018-10-10,26.22
2018-10-11,25.76
2018-10-12,26.63
2018-10-15,26.62
2018-10-16,26.33
2018-10-17,25.94
2018-10-18,26.02
2018-10-19,26.86
2018-10-22,26.11
2018-10-23,25.67
2018-10-24,25.26
2018-10-25,24.86
2018-10-26,24.28
2018-10-29,24.58
2018-10-30,23.88
2018-10-31,24.33
2018-11-01,23.65
2018-11-02,24.28
2018-11-05,23.81
2018-11-06,23.9
2018-11-07,24.42
2018-11-08,24.43
2018-11-09,24.33
2018-11-12,25.95
2018-11-13,26.52
2018-11-14,26.28
2018-11-15,26.67
2018-11-16,25.95
2018-11-19,24.15
2018-11-20,24.35
2018-11-21,24.5
2018-11-23,24.82
2018-11-26,24.55
2018-11-27,25.16
2018-11-28,24.3
2018-11-29,24.64
2018-11-30,24.69
2018-12-03,25.08
2018-12-04,24.42
2018-12-06,23.17
2018-12-07,23.15
2018-12-10,23.25
2018-12-11,23.62
2018-12-12,23.92
2018-12-13,24.23
2018-12-14,24.65
2018-12-17,24.68
2018-12-18,23.73
2018-12-19,24.21
2018-12-20,24.6
2018-12-21,24.9
2018-12-24,24.25
2018-12-26,24.25
2018-12-27,23.32
2018-12-28,22.81
2018-12-31,21.98
2019-01-02,22.48
2019-01-03,22.25
2019-01-04,22.93
2019-01-07,21.53
2019-01-08,22.09
2019-01-09,21.72
2019-01-10,21.67
2019-01-11,22.25
2019-01-14,21.67
2019-01-15,22.0
2019-01-16,22.0
2019-01-17,23.0
2019-01-18,22.6
2019-01-22,21.82
2019-01-23,22.19
2019-01-24,21.28
2019-01-25,20.89
2019-01-28,20.55
2019-01-29,20.58
2019-01-30,20.18
2019-01-31,19.85
2019-02-01,19.3
2019-02-04,19.35
2019-02-05,19.14
2019-02-06,18.92
2019-02-07,18.91
2019-02-08,18.26
2019-02-11,18.06
2019-02-12,17.78
2019-02-13,18.02
2019-02-14,17.75
2019-02-15,18.1
2019-02-19,17.7
2019-02-20,18.15
2019-02-21,17.52
2019-02-22,17.23
2019-02-25,16.94
2019-02-26,17.05
2019-02-27,17.61
2019-02-28,17.82
2019-03-01,17.32
2019-03-04,17.4
2019-03-05,17.18
2019-03-06,16.85
2019-03-07,16.87
2019-03-08,16.73
2019-03-11,16.62
2019-03-12,16.21
2019-03-13,15.73
2019-03-14,15.6
2019-03-15,15.25
2019-03-18,14.98
2019-03-19,15.01
2019-03-20,15.22
2019-03-21,14.56
2019-03-22,14.45
2019-03-25,14.19
2019-03-26,14.39
2019-03-27,14.99
2019-03-28,14.43
2019-03-29,14.22
2019-04-01,13.85
2019-04-02,13.45
2019-04-03,14.19
2019-04-04,14.81
2019-04-05,16.64
2019-04-08,15.97
2019-04-09,16.75
2019-04-10,15.73
2019-04-11,15.99
2019-04-12,15.85
2019-04-15,15.01
2019-04-16,14.84
2019-04-17,15.19
2019-04-18,14.46
2019-04-22,14.46
2019-04-23,14.42
2019-04-24,14.27
2019-04-25,14.53
2019-04-26,14.43
2019-04-29,14.52
2019-04-30,14.39
2019-05-01,14.06
2019-05-02,14.36
2019-05-03,14.56
2019-05-06,14.34
2019-05-07,14.15
2019-05-08,14.32
2019-05-09,14.45
2019-05-10,13.99
2019-05-13,13.76
2019-05-14,13.78
2019-05-15,13.85
2019-05-16,13.39
2019-05-17,12.85
2019-05-20,12.9
2019-05-21,12.7
2019-05-22,12.65
2019-05-23,12.6
2019-05-24,12.25
2019-05-28,12.52
2019-05-29,12.23
2019-05-30,11.48
2019-05-31,11.2
2019-06-03,11.1
2019-06-04,11.91
2019-06-05,11.6
2019-06-06,11.1
2019-06-07,11.52
2019-06-10,11.81
2019-06-11,11.2
2019-06-12,11.14
2019-06-13,11.4
2019-06-14,11.32
2019-06-17,11.57
2019-06-18,11.03
2019-06-19,10.48
2019-06-20,10.15
2019-06-21,10.35
2019-06-24,10.2
2019-06-25,9.85
2019-06-26,9.62
2019-06-27,9.38
2019-06-28,10.11
2019-07-01,10.36
2019-07-02,10.23
2019-07-03,10.3
2019-07-05,11.22
2019-07-08,11.88
2019-07-09,11.76
2019-07-10,12.14
2019-07-11,13.13
2019-07-12,13.28
2019-07-15,12.9
2019-07-16,11.41
2019-07-17,10.99
2019-07-18,10.73
2019-07-19,10.81
2019-07-22,10.16
2019-07-23,10.75
2019-07-24,10.07
2019-07-25,10.02
2019-07-26,9.97
2019-07-29,9.81
2019-07-30,9.79
2019-07-31,11.0
2019-08-01,12.36
2019-08-02,12.02
2019-08-05,11.47
2019-08-06,10.95
2019-08-07,11.41
2019-08-08,12.07
2019-08-09,12.02
2019-08-12,11.42
2019-08-13,11.86
2019-08-14,11.18
2019-08-15,11.23
2019-08-16,10.95
2019-08-19,10.78
2019-08-20,11.22
2019-08-21,11.41
2019-08-22,10.99
2019-08-23,10.59
2019-08-26,10.31
2019-08-27,10.07
2019-08-28,10.23
2019-08-29,10.72
2019-08-30,12.8
2019-09-03,12.1
2019-09-04,11.96
2019-09-05,12.23
2019-09-06,12.35
2019-09-09,12.23
2019-09-10,14.4
2019-09-11,14.35
2019-09-12,14.47
2019-09-13,14.71
2019-09-16,15.34
2019-09-17,13.44
2019-09-18,12.44
2019-09-19,12.26
2019-09-20,12.71
2019-09-23,12.24
2019-09-24,12.34
2019-09-25,11.95
2019-09-26,12.05
2019-09-27,11.94
2019-09-30,16.39
2019-10-01,16.76
2019-10-02,16.0
2019-10-03,16.01
2019-10-04,15.77
2019-10-07,15.51
2019-10-08,15.64
2019-10-09,15.57
2019-10-10,15.85
2019-10-11,16.14
2019-10-14,16.04
2019-10-15,16.07
2019-10-16,16.08
2019-10-17,16.02
2019-10-18,15.97
2019-10-21,15.61
2019-10-22,15.6
2019-10-23,15.41
2019-10-24,15.65
2019-10-25,15.23
2019-10-28,14.39
2019-10-29,13.84
2019-10-30,13.78
2019-10-31,16.14
2019-11-01,16.17
2019-11-04,16.48
2019-11-05,16.79
2019-11-06,16.28
2019-11-07,16.12
2019-11-08,15.94
2019-11-11,15.85
2019-11-12,15.55
2019-11-13,15.45
2019-11-14,15.67
2019-11-15,15.72
2019-11-18,15.23
2019-11-19,15.29
2019-11-20,15.59
2019-11-21,15.62
2019-11-22,16.05
2019-11-25,16.24
2019-11-26,15.85
2019-11-27,15.98
2019-11-29,16.33
2019-12-02,15.81
2019-12-03,15.77
2019-12-04,15.88
2019-12-05,15.41
2019-12-06,15.14
2019-12-09,14.89
2019-12-10,14.53
2019-12-11,14.05
2019-12-12,14.77
2019-12-13,13.81
2019-12-16,13.89
2019-12-17,14.46
2019-12-18,14.95
2019-12-19,15.01
2019-12-20,14.23
2019-12-23,13.02
2019-12-24,12.6
2019-12-26,12.6
2019-12-27,12.77
2019-12-30,12.3
2019-12-31,12.05
2020-01-02,12.07
2020-01-03,12.98
2020-01-06,12.28
2020-01-07,11.93
2020-01-08,11.97
2020-01-09,12.18
2020-01-10,11.94
2020-01-13,12.06
2020-01-14,11.31
2020-01-15,11.18
2020-01-16,11.11
2020-01-17,10.93
2020-01-21,10.77
2020-01-22,10.45
2020-01-23,10.43
2020-01-24,10.45
2020-01-27,10.52
2020-01-28,10.79
2020-01-29,10.15
2020-01-30,9.78
2020-01-31,9.76
2020-02-03,9.21
2020-02-04,9.36
2020-02-05,9.31
2020-02-06,9.15
2020-02-07,9.07
2020-02-10,8.65
2020-02-11,8.56
2020-02-12,8.72
2020-02-13,8.89
2020-02-14,8.88
2020-02-18,9.38
2020-02-19,9.57
2020-02-20,9.56
2020-02-21,9.41
2020-02-24,9.05
2020-02-25,9.01
2020-02-26,9.07
2020-02-27,8.87
2020-02-28,8.88
2020-03-02,8.89
2020-03-03,9.17
2020-03-04,8.91
2020-03-05,8.85
2020-03-06,8.65
2020-03-09,8.62
2020-03-10,8.99
2020-03-11,9.37
2020-03-12,9.32
2020-03-13,9.28
2020-03-16,8.74
2020-03-17,8.47
2020-03-18,8.27
2020-03-19,8.55
2020-03-20,8.3
2020-03-23,7.85
2020-03-24,7.91
2020-03-25,7.74
2020-03-26,7.57
2020-03-27,7.22
2020-03-30,6.89
2020-03-31,6.9
2020-04-01,6.82
2020-04-02,6.93
2020-04-03,6.92
2020-04-06,7.28
2020-04-07,7.28
2020-04-08,7.26
2020-04-09,7.28
2020-04-13,7.28
2020-04-14,6.88
2020-04-15,6.65
2020-04-16,6.91
2020-04-17,6.99
2020-04-20,6.62
2020-04-21,6.32
2020-04-22,6.22
2020-04-23,6.05
2020-04-24,5.77
2020-04-27,5.94
2020-04-28,6.14
2020-04-29,6.01
2020-04-30,6.22
2020-05-01,5.84
2020-05-04,5.74
2020-05-05,5.68
2020-05-06,5.76
2020-05-07,5.84
2020-05-08,5.83
2020-05-11,5.7
2020-05-12,5.32
2020-05-13,5.12
2020-05-14,5.26
2020-05-15,5.22
2020-05-18,4.92
2020-05-19,4.61
2020-05-20,4.46
2020-05-21,3.83
2020-05-22,3.89
2020-05-26,4.12
2020-05-27,3.69
2020-05-28,3.51
2020-05-29,4.39
2020-06-01,4.05
2020-06-02,4.85
2020-06-03,5.33
2020-06-04,5.39
2020-06-05,5.71
2020-06-08,5.25
2020-06-09,4.8
2020-06-10,4.8
2020-06-11,4.99
2020-06-12,5.28
2020-06-15,5.51
2020-06-16,5.26
2020-06-17,5.21
2020-06-18,5.45
2020-06-19,5.61
2020-06-22,5.49
2020-06-23,5.83
2020-06-24,5.66
2020-06-25,5.26
2020-06-26,5.11
2020-06-29,5.84
2020-06-30,6.16
2020-07-01,5.86
2020-07-02,5.95
2020-07-06,6.09
2020-07-07,6.12
2020-07-08,5.93
2020-07-09,5.76
2020-07-10,5.47
2020-07-13,5.11
2020-07-14,5.09
2020-07-15,5.22
2020-07-16,5.06
2020-07-17,5.11
2020-07-20,4.73
2020-07-21,4.79
2020-07-22,4.83
2020-07-23,4.99
2020-07-24,5.01
2020-07-27,4.78
2020-07-28,4.96
2020-07-29,5.18
2020-07-30,5.22
2020-07-31,6.03
2020-08-03,6.8
2020-08-04,7.36
2020-08-05,7.32
2020-08-06,7.94
2020-08-07,7.93
2020-08-10,7.59
2020-08-11,7.41
2020-08-12,7.17
2020-08-13,7.31
2020-08-14,8.02
2020-08-17,8.18
2020-08-18,8.55
2020-08-19,8.35
2020-08-20,8.15
2020-08-21,7.62
2020-08-24,8.36
2020-08-25,8.86
2020-08-26,9.15
2020-08-27,8.87
2020-08-28,11.17
2020-08-31,11.24
2020-09-01,11.3
2020-09-02,11.11
2020-09-03,11.73
2020-09-04,11.68
2020-09-08,10.8
2020-09-09,10.73
2020-09-10,10.52
2020-09-11,10.49
2020-09-14,10.7
2020-09-15,10.9
2020-09-16,11.32
2020-09-17,11.12
2020-09-18,11.48
2020-09-21,11.49
2020-09-22,11.7
2020-09-23,12.02
2020-09-24,11.64
2020-09-25,11.66
2020-09-28,12.35
2020-09-29,12.28
2020-09-30,13.28
2020-10-01,13.18
2020-10-02,13.02
2020-10-05,13.42
2020-10-06,13.31
2020-10-07,13.71
2020-10-08,13.9
2020-10-09,13.76
2020-10-12,13.84
2020-10-13,13.6
2020-10-14,13.87
2020-10-15,14.24
2020-10-16,14.5
2020-10-19,14.72
2020-10-20,14.9
2020-10-21,14.86
2020-10-22,15.26
2020-10-23,15.41
2020-10-26,14.86
2020-10-27,14.74
2020-10-28,14.48
2020-10-29,14.22
2020-10-30,14.06
2020-11-02,13.65
2020-11-03,13.66
2020-11-04,13.89
2020-11-05,14.45
2020-11-06,13.9
2020-11-09,13.85
2020-11-10,14.03
2020-11-11,14.1
2020-11-12,14.0
2020-11-13,14.24
2020-11-16,14.49
2020-11-17,13.97
2020-11-18,13.68
2020-11-19,13.02
2020-11-20,12.9
2020-11-23,13.53
2020-11-24,13.9
2020-11-25,13.93
2020-11-27,14.48
2020-11-30,15.14
2020-12-01,14.91
2020-12-02,14.9
2020-12-03,14.15
2020-12-04,14.65
2020-12-07,14.35
2020-12-08,14.44
2020-12-09,14.73
2020-12-10,15.54
2020-12-11,15.96
2020-12-14,16.6
2020-12-15,17.23
2020-12-16,16.38
2020-12-17,15.94
2020-12-18,15.89
2020-12-21,16.8
2020-12-22,17.64
2020-12-23,17.5
2020-12-24,17.65
2020-12-28,19.15
2020-12-29,18.77
2020-12-30,19.0
2020-12-31,19.12
2021-01-04,19.84
2021-01-05,18.0
2021-01-06,17.57
2021-01-07,19.31
2021-01-08,20.12
2021-01-11,22.12
2021-01-12,26.16
2021-01-13,21.5
2021-01-14,21.33
2021-01-15,20.2
2021-01-19,20.33
2021-01-20,20.26
2021-01-21,20.07
2021-01-22,21.49
2021-01-25,20.16
2021-01-26,19.51
2021-01-27,19.7
2021-01-28,20.91
2021-01-29,19.82
2021-02-01,18.14
2021-02-02,18.25
2021-02-03,17.85
2021-02-04,18.12
2021-02-05,18.38
2021-02-08,20.18
2021-02-09,19.05
2021-02-10,18.56
2021-02-11,17.38
2021-02-12,17.62
2021-02-16,16.72
2021-02-17,16.54
2021-02-18,17.33
2021-02-19,16.56
2021-02-22,15.96
2021-02-23,16.25
2021-02-24,16.38
2021-02-25,15.94
2021-02-26,15.69
2021-03-01,16.08
2021-03-02,15.87
2021-03-03,15.52
2021-03-04,15.93
2021-03-05,16.36
2021-03-08,16.15
2021-03-09,16.92
2021-03-10,17.63
2021-03-11,18.12
2021-03-12,18.45
2021-03-15,17.93
2021-03-16,17.66
2021-03-17,17.97
2021-03-18,17.76
2021-03-19,17.26
2021-03-22,18.05
2021-03-23,18.39
2021-03-24,18.59
2021-03-25,18.36
2021-03-26,18.7
2021-03-29,18.44
2021-03-30,18.81
2021-03-31,19.0
2021-04-01,19.17
2021-04-05,19.17
2021-04-06,19.78
2021-04-07,19.28
2021-04-08,18.99
2021-04-09,18.94
2021-04-12,19.65
2021-04-13,19.51
2021-04-14,19.68
2021-04-15,20.26
2021-04-16,20.54
2021-04-19,20.94
2021-04-20,21.07
2021-04-21,21.11
2021-04-22,21.37
2021-04-23,20.05
2021-04-26,20.0
2021-04-27,21.41
2021-04-28,21.56
2021-04-29,22.5
2021-04-30,23.28
2021-05-03,23.82
2021-05-04,23.05
2021-05-05,23.96
2021-05-06,24.33
2021-05-07,23.94
2021-05-10,25.19
2021-05-11,25.81
2021-05-12,26.42
2021-05-13,26.25
2021-05-14,26.83
2021-05-17,26.31
2021-05-18,24.81
2021-05-19,22.67
2021-05-20,24.68
2021-05-21,24.8
2021-05-24,24.76
2021-05-25,26.19
2021-05-26,26.42
2021-05-27,25.2
2021-05-28,24.93
2021-06-01,25.98
2021-06-02,25.73
2021-06-03,25.7
2021-06-04,25.8
2021-06-07,26.49
2021-06-08,27.8
2021-06-09,28.3
2021-06-10,28.68
2021-06-11,27.84
2021-06-14,28.81
2021-06-15,28.14
2021-06-16,28.03
2021-06-17,28.31
2021-06-18,29.41
2021-06-21,29.61
2021-06-22,30.74
2021-06-23,31.55
2021-06-24,32.01
2021-06-25,32.38
2021-06-28,32.29
2021-06-29,33.49
2021-06-30,34.62
2021-07-01,36.14
2021-07-02,35.83
2021-07-06,34.1
2021-07-07,32.34
2021-07-08,33.31
2021-07-09,36.63
2021-07-12,34.65
2021-07-13,35.46
2021-07-14,34.78
2021-07-15,33.8
2021-07-16,34.84
2021-07-19,35.65
2021-07-20,35.17
2021-07-21,35.95
2021-07-22,36.13
2021-07-23,35.52
2021-07-26,36.91
2021-07-27,37.59
2021-07-28,39.7
2021-07-29,41.15
2021-07-30,40.76
2021-08-02,42.15
2021-08-03,41.24
2021-08-04,42.25
2021-08-05,42.9
2021-08-06,43.12
2021-08-09,42.79
2021-08-10,44.65
2021-08-11,45.99
2021-08-12,45.87
2021-08-13,44.63
2021-08-16,47.99
2021-08-17,46.95
2021-08-18,45.38
2021-08-19,40.4
2021-08-20,41.94
2021-08-23,41.68
2021-08-24,44.87
2021-08-25,45.28
2021-08-26,45.79
2021-08-27,47.81
2021-08-30,49.68
2021-08-31,50.34
2021-09-01,50.23
2021-09-02,51.92
2021-09-03,51.51
2021-09-07,53.91
2021-09-08,55.29
2021-09-09,56.58
2021-09-10,57.92
2021-09-13,61.28
2021-09-14,65.76
2021-09-15,70.71
2021-09-16,63.25
2021-09-17,65.1
2021-09-20,75.32
2021-09-21,73.78
2021-09-22,71.69
2021-09-23,69.68
2021-09-24,70.24
2021-09-27,76.51
2021-09-28,78.57
2021-09-29,86.61
2021-09-30,97.77
2021-10-01,93.62
2021-10-04,96.65
2021-10-05,116.02
2021-10-06,108.19
2021-10-07,96.58
2021-10-08,87.61
2021-10-11,85.22
2021-10-12,85.7
2021-10-13,93.62
2021-10-14,102.17
2021-10-15,93.65
2021-10-18,93.93
2021-10-19,89.93
2021-10-20,93.45
2021-10-21,88.46
2021-10-22,87.34
2021-10-25,88.64
2021-10-26,88.49
2021-10-27,86.82
2021-10-28,77.03
2021-10-29,64.86
2021-11-01,65.62
2021-11-02,67.61
2021-11-03,76.54
2021-11-04,73.38
2021-11-05,74.03
2021-11-08,79.07
2021-11-09,72.59
2021-11-10,70.12
2021-11-11,74.79
2021-11-12,75.68
2021-11-15,79.95
2021-11-16,94.19
2021-11-17,95.0
2021-11-18,95.17
2021-11-19,87.12
2021-11-22,84.02
2021-11-23,90.93
2021-11-24,93.98
2021-11-26,87.77
2021-11-29,93.15
2021-11-30,92.51
2021-12-01,95.68
2021-12-02,94.83
2021-12-03,89.48
2021-12-06,89.93
2021-12-07,95.88
2021-12-08,101.5
2021-12-09,100.44
2021-12-10,105.78
2021-12-13,116.08
2021-12-14,128.3
2021-12-15,132.28
2021-12-16,142.76
2021-12-17,136.91
2021-12-20,146.93
2021-12-21,180.27
2021-12-22,172.88
2021-12-23,132.58
2021-12-27,106.89
2021-12-28,106.59
2021-12-29,96.48
2021-12-30,87.03
2021-12-31,70.34
2022-01-03,80.43
2022-01-04,88.74
2022-01-05,91.52
2022-01-06,96.5
2022-01-07,88.17
2022-01-10,84.61
2022-01-11,78.74
2022-01-12,75.15
2022-01-13,85.46
2022-01-14,86.97
2022-01-18,78.33
2022-01-19,75.6
2022-01-20,75.2
2022-01-21,78.98
2022-01-24,93.0
2022-01-25,93.58
2022-01-26,91.84
2022-01-27,92.3
2022-01-28,92.06
2022-01-31,84.67
2022-02-01,76.17
2022-02-02,77.35
2022-02-03,80.22
2022-02-04,82.65
2022-02-07,79.6
2022-02-08,77.3
2022-02-09,74.42
2022-02-10,74.35
2022-02-11,77.43
2022-02-14,80.77
2022-02-15,70.92
2022-02-16,69.79
2022-02-17,74.91
2022-02-18,73.76
2022-02-22,79.79
2022-02-23,88.89
2022-02-24,134.32
2022-02-25,94.42
2022-02-28,98.6
2022-03-01,121.67
2022-03-02,165.54
2022-03-03,160.82
2022-03-04,192.55
2022-03-07,227.2
2022-03-08,214.55
2022-03-09,155.88
2022-03-10,126.4
2022-03-11,131.23
2022-03-14,114.52
2022-03-15,115.44
2022-03-16,102.62
2022-03-17,105.09
2022-03-18,105.04
2022-03-21,96.3
2022-03-22,98.75
2022-03-23,117.0
2022-03-24,111.61
2022-03-25,101.27
2022-03-28,102.54
2022-03-29,108.38
2022-03-30,118.97
2022-03-31,125.91
2022-04-01,112.15
2022-04-04,109.52
2022-04-05,108.56
2022-04-06,106.79
2022-04-07,104.56
2022-04-08,103.88
2022-04-11,100.14
2022-04-12,102.22
2022-04-13,105.32
2022-04-14,95.62
2022-04-18,95.62
2022-04-19,93.77
2022-04-20,94.23
2022-04-21,100.06
2022-04-22,94.88
2022-04-25,92.84
2022-04-26,103.21
2022-04-27,107.43
2022-04-28,100.14
2022-04-29,99.45
2022-05-02,97.05
2022-05-03,99.43
2022-05-04,103.82
2022-05-05,106.51
2022-05-06,101.71
2022-05-09,93.79
2022-05-10,98.8
2022-05-11,94.01
2022-05-12,106.7
2022-05-13,96.88
2022-05-16,92.86
2022-05-17,94.18
2022-05-18,94.54
2022-05-19,91.02
2022-05-20,87.9
2022-05-23,83.29
2022-05-24,84.51
2022-05-25,88.08
2022-05-26,85.97
2022-05-27,86.88
2022-05-31,94.0
2022-06-01,85.55
2022-06-02,83.94
2022-06-03,83.1
2022-06-06,82.56
2022-06-07,79.61
2022-06-08,79.41
2022-06-09,84.88
2022-06-10,82.46
2022-06-13,83.4
2022-06-14,97.04
2022-06-15,120.33
2022-06-16,124.36
2022-06-17,117.74
2022-06-21,125.56
2022-06-22,127.17
2022-06-23,133.35
2022-06-24,128.51
2022-06-27,129.46
2022-06-28,129.18
2022-06-29,139.59
2022-06-30,144.51
2022-07-01,147.78
2022-07-05,165.07
2022-07-06,171.0
2022-07-07,183.18
2022-07-08,175.21
2022-07-11,164.52
2022-07-12,172.61
2022-07-13,180.51
2022-07-14,175.03
2022-07-15,159.57
2022-07-18,157.26
2022-07-19,154.46
2022-07-20,155.04
2022-07-21,155.6
2022-07-22,159.86
2022-07-25,176.62
2022-07-26,199.92
2022-07-27,205.23
2022-07-28,198.93
2022-07-29,190.91
2022-08-01,200.79
2022-08-02,205.17
2022-08-03,199.2
2022-08-04,199.25
2022-08-05,196.32
2022-08-08,193.05
2022-08-09,192.18
2022-08-10,205.37
2022-08-11,208.11
2022-08-12,206.11
2022-08-15,220.11
2022-08-16,225.91
2022-08-17,225.84
2022-08-18,241.0
2022-08-19,244.55
2022-08-22,276.75
2022-08-23,269.05
2022-08-24,292.15
2022-08-25,321.41
2022-08-26,339.2
2022-08-29,272.6
2022-08-30,252.94
2022-08-31,239.91
2022-09-01,243.0
2022-09-02,214.66
2022-09-06,239.84
2022-09-07,213.88
2022-09-08,220.54
2022-09-09,207.09
2022-09-12,190.59
2022-09-13,198.61
2022-09-14,217.88
2022-09-15,214.28
2022-09-16,187.79
2022-09-19,182.26
2022-09-20,194.26
2022-09-21,189.78
2022-09-22,187.47
2022-09-23,185.49
2022-09-26,173.83
2022-09-27,186.1
2022-09-28,207.19
2022-09-29,187.66
2022-09-30,188.8
2022-10-03,169.91
2022-10-04,161.95
2022-10-05,173.69
2022-10-06,175.71
2022-10-07,156.21
2022-10-10,154.12
2022-10-11,156.78
2022-10-12,160.19
2022-10-13,153.81
2022-10-14,142.0
2022-10-17,127.98
2022-10-18,113.22
2022-10-19,112.51
2022-10-20,127.15
2022-10-21,113.58
2022-10-24,99.17
2022-10-25,99.79
2022-10-26,104.32
2022-10-27,107.38
2022-10-28,112.24
2022-10-31,123.35
2022-11-01,116.19
2022-11-02,125.86
2022-11-03,125.44
2022-11-04,114.79
2022-11-07,109.68
2022-11-08,118.15
2022-11-09,113.14
2022-11-10,113.45
2022-11-11,97.85
2022-11-14,113.7
2022-11-15,124.1
2022-11-16,113.9
2022-11-17,112.56
2022-11-18,115.51
2022-11-21,116.13
2022-11-22,119.64
2022-11-23,129.62
2022-11-25,124.37
2022-11-28,123.28
2022-11-29,132.29
2022-11-30,146.4
2022-12-01,139.26
2022-12-02,135.56
2022-12-05,134.7
2022-12-06,138.49
2022-12-07,149.24
2022-12-08,138.89
2022-12-09,139.11
2022-12-12,136.59
2022-12-13,137.53
2022-12-14,131.51
2022-12-15,134.77
2022-12-16,115.45
2022-12-19,108.54
2022-12-20,105.69
2022-12-21,97.75
2022-12-22,91.94
2022-12-23,82.98
2022-12-27,80.04
2022-12-28,81.35
2022-12-29,83.83
2022-12-30,76.32
2023-01-03,72.31
2023-01-04,65.02
2023-01-05,72.42
2023-01-06,69.53
2023-01-09,74.3
2023-01-10,70.07
2023-01-11,65.35
2023-01-12,66.81
2023-01-13,64.81
2023-01-17,60.06
2023-01-18,61.71
2023-01-19,60.72
2023-01-20,66.9
2023-01-23,66.0
2023-01-24,58.27
2023-01-25,56.66
2023-01-26,54.81
2023-01-27,55.42
2023-01-30,55.16
2023-01-31,57.35
2023-02-01,59.53
2023-02-02,57.04
2023-02-03,57.89
2023-02-06,58.11
2023-02-07,55.4
2023-02-08,53.69
2023-02-09,52.73
2023-02-10,53.95
2023-02-13,51.71
2023-02-14,52.39
2023-02-15,54.72
2023-02-16,52.01
2023-02-17,49.05
2023-02-21,48.54
2023-02-22,50.57
2023-02-23,50.78
2023-02-24,51.01
2023-02-27,47.3
2023-02-28,46.67
2023-03-01,47.08
2023-03-02,46.81
2023-03-03,44.98
2023-03-06,42.15
2023-03-07,43.37
2023-03-08,42.34
2023-03-09,43.6
2023-03-10,52.86
2023-03-13,49.58
2023-03-14,44.19
2023-03-15,42.9
2023-03-16,44.34
2023-03-17,42.86
2023-03-20,39.33
2023-03-21,42.4
2023-03-22,39.97
2023-03-23,43.19
2023-03-24,41.09
2023-03-27,42.53
2023-03-28,42.75
2023-03-29,42.8
2023-03-30,43.61
2023-03-31,47.85
2023-04-03,51.37
2023-04-04,46.57
2023-04-05,44.58
2023-04-06,43.12
2023-04-10,43.12
2023-04-11,43.69
2023-04-12,42.88
2023-04-13,42.09
2023-04-14,41.15
2023-04-17,41.13
2023-04-18,42.72
2023-04-19,40.3
2023-04-20,40.56
2023-04-21,40.16
2023-04-24,39.92
2023-04-25,39.83
2023-04-26,38.55
2023-04-27,39.04
2023-04-28,38.54
2023-05-01,38.83
2023-05-02,37.53
2023-05-03,36.78
2023-05-04,35.65
2023-05-05,36.57
2023-05-08,36.87
2023-05-09,35.95
2023-05-10,34.99
2023-05-11,34.99
2023-05-12,32.77
2023-05-15,32.31
2023-05-16,31.82
2023-05-17,31.95
2023-05-18,29.78
2023-05-19,30.18
2023-05-22,29.71
2023-05-23,29.13
2023-05-24,27.78
2023-05-25,25.45
2023-05-26,24.52
2023-05-30,24.68
2023-05-31,26.85
2023-06-01,23.1
2023-06-02,23.69
2023-06-05,28.48
2023-06-06,24.86
2023-06-07,26.33
2023-06-08,26.94
2023-06-09,32.05
2023-06-12,31.04
2023-06-13,36.05
2023-06-14,38.31
2023-06-15,41.15
2023-06-16,35.01
2023-06-20,38.71
2023-06-21,36.74
2023-06-22,34.1
2023-06-23,32.51
2023-06-26,31.98
2023-06-27,34.51
2023-06-28,34.12
2023-06-29,35.18
2023-06-30,37.1
2023-07-03,33.93
2023-07-05,34.37
2023-07-06,32.35
2023-07-07,33.48
2023-07-10,30.23
2023-07-11,29.06
2023-07-12,26.64
2023-07-13,26.61
2023-07-14,25.96
2023-07-17,25.1
2023-07-18,27.07
2023-07-19,26.96
2023-07-20,28.02
2023-07-21,28.16
2023-07-24,30.56
2023-07-25,32.65
2023-07-26,29.27
2023-07-27,28.43
2023-07-28,25.84
2023-07-31,28.37
2023-08-01,27.12
2023-08-02,28.74
2023-08-03,30.47
2023-08-04,28.85
2023-08-07,30.49
2023-08-08,31.07
2023-08-09,39.82
2023-08-10,37.06
2023-08-11,35.3
2023-08-14,34.43
2023-08-15,38.81
2023-08-16,37.78
2023-08-17,36.83
2023-08-18,36.41
2023-08-21,40.78
2023-08-22,42.91
2023-08-23,36.79
2023-08-24,31.94
2023-08-25,34.78
2023-08-28,38.41
2023-08-29,35.19
2023-08-30,35.99
2023-08-31,35.03
2023-09-01,35.62
2023-09-05,34.45
2023-09-06,31.08
2023-09-07,32.76
2023-09-08,34.51
2023-09-11,35.85
2023-09-12,34.7
2023-09-13,36.82
2023-09-14,35.52
2023-09-15,36.48
2023-09-18,34.47
2023-09-19,36.78
2023-09-20,37.28
2023-09-21,39.1
2023-09-22,39.79
2023-09-25,44.44
2023-09-26,40.32
2023-09-27,39.3
2023-09-28,39.74
2023-09-29,41.86
2023-10-02,39.33
2023-10-03,36.99
2023-10-04,38.44
2023-10-05,36.21
2023-10-06,38.23
2023-10-09,43.95
2023-10-10,49.46
2023-10-11,46.07
2023-10-12,53.0
2023-10-13,53.98
2023-10-16,48.47
2023-10-17,48.9
2023-10-18,50.83
2023-10-19,50.17
2023-10-20,51.11
2023-10-23,51.28
2023-10-24,49.26
2023-10-25,49.92
2023-10-26,50.81
2023-10-27,50.53
2023-10-30,50.55
2023-10-31,48.01
2023-11-01,47.76
2023-11-02,48.56
2023-11-03,48.06
2023-11-06,44.83
2023-11-07,46.06
2023-11-08,45.78
2023-11-09,48.13
2023-11-10,46.63
2023-11-13,47.87
2023-11-14,47.61
2023-11-15,47.04
2023-11-16,45.85
2023-11-17,45.06
2023-11-20,45.82
2023-11-21,44.06
2023-11-22,44.62
2023-11-23,46.58
2023-11-24,46.66
2023-11-27,43.98
2023-11-28,42.77
2023-11-29,40.36
2023-11-30,42.09
2023-12-01,43.5
2023-12-04,40.1
2023-12-05,38.13
2023-12-06,39.31
2023-12-07,39.97
2023-12-08,38.6
2023-12-11,36.12
2023-12-12,34.7
2023-12-13,35.81
2023-12-14,34.85
2023-12-15,33.19
2023-12-18,35.52
2023-12-19,32.57
2023-12-20,33.52
2023-12-21,34.2
2023-12-22,34.17
2023-12-26,34.17
2023-12-27,35.51
2023-12-28,33.1
2023-12-29,32.35
2024-01-02,30.57
2024-01-03,32.79
2024-01-04,33.41
2024-01-05,34.55
2024-01-08,31.58
2024-01-09,30.64
2024-01-10,30.94
2024-01-11,30.82
2024-01-12,31.99
2024-01-16,29.66
2024-01-17,27.71
2024-01-18,27.89
2024-01-19,28.43
2024-01-22,27.26
2024-01-23,27.23
2024-01-24,28.93
2024-01-25,27.78
2024-01-26,28.08
2024-01-29,28.17
2024-01-30,29.39
2024-01-31,30.24
2024-02-01,28.99
2024-02-02,29.3
2024-02-05,28.34
2024-02-06,28.61
2024-02-07,28.19
2024-02-08,27.81
2024-02-09,27.12
2024-02-12,25.73
2024-02-13,25.44
2024-02-14,24.86
2024-02-15,24.97
2024-02-16,24.82
2024-02-20,24.17
2024-02-21,23.98
2024-02-22,23.19
2024-02-23,22.93
2024-02-26,24.01
2024-02-27,24.39
2024-02-28,25.62
2024-02-29,24.86
2024-03-01,25.81
2024-03-04,26.89
2024-03-05,27.47
2024-03-06,26.57
2024-03-07,25.99
2024-03-08,26.39
2024-03-11,24.93
2024-03-12,24.77
2024-03-13,24.9
2024-03-14,26.05
2024-03-15,27.03
2024-03-18,28.82
2024-03-19,28.87
2024-03-20,27.74
2024-03-21,26.4
2024-03-22,27.78
2024-03-25,28.49
2024-03-26,27.13
2024-03-27,27.69
2024-03-28,27.34
2024-04-02,26.2
2024-04-03,25.56
2024-04-04,26.21
2024-04-05,26.61
2024-04-08,27.91
2024-04-09,27.35
2024-04-10,27.1
2024-04-11,29.38
2024-04-12,30.73
2024-04-15,31.14
2024-04-16,33.14
2024-04-17,31.29
2024-04-18,32.31
2024-04-19,30.76
2024-04-22,29.31
2024-04-23,28.42
2024-04-24,29.02
2024-04-25,29.77
2024-04-26,28.89
2024-04-29,27.99
2024-04-30,29.12
2024-05-01,28.73
2024-05-02,30.91
2024-05-03,30.53
2024-05-06,31.8
2024-05-07,31.07
2024-05-08,30.61
2024-05-09,30.86
2024-05-10,30.03
2024-05-13,29.58
2024-05-14,29.67
2024-05-15,29.73
2024-05-16,30.25
2024-05-17,30.77
2024-05-20,31.77
2024-05-21,33.0
2024-05-22,34.39
2024-05-23,35.23
2024-05-24,34.12
2024-05-28,33.53
2024-05-29,33.88
2024-05-30,35.19
2024-05-31,34.22
2024-06-03,36.01
2024-06-04,33.8
2024-06-05,33.35
2024-06-06,33.69
2024-06-07,33.11
2024-06-10,34.26
2024-06-11,34.28
2024-06-12,35.29
2024-06-13,35.72
2024-06-14,35.36
2024-06-17,34.21
2024-06-18,34.7
2024-06-20,34.46
2024-06-21,33.94
2024-06-24,34.08
2024-06-25,34.85
2024-06-26,33.82
2024-06-27,34.56
2024-06-28,34.48
2024-07-01,33.49
2024-07-02,33.69
2024-07-03,32.69
2024-07-05,33.07
2024-07-08,32.29
2024-07-09,31.33
2024-07-10,30.78
2024-07-11,31.11
2024-07-12,31.72
2024-07-15,31.37
2024-07-16,32.8
2024-07-17,31.89
2024-07-18,32.67
2024-07-19,32.17
2024-07-22,31.84
2024-07-23,31.62
2024-07-24,32.62
2024-07-25,31.78
2024-07-26,32.47
2024-07-29,33.87
2024-07-30,34.36
2024-07-31,35.87
2024-08-01,36.97
2024-08-02,36.65
2024-08-05,35.5
2024-08-06,36.68
2024-08-07,38.45
2024-08-08,40.1
2024-08-09,40.4
2024-08-12,39.66
2024-08-13,39.48
2024-08-14,38.97
2024-08-15,39.6
2024-08-16,39.64
2024-08-19,39.85
2024-08-20,37.96
2024-08-21,37.01
2024-08-22,36.59
2024-08-23,36.86
2024-08-26,37.66
2024-08-27,38.69
2024-08-28,38.52
2024-08-29,38.6
2024-08-30,39.82
2024-09-03,37.19
2024-09-04,35.8
2024-09-05,36.19
2024-09-06,36.48
2024-09-09,37.33
2024-09-10,35.28
2024-09-11,36.14
2024-09-12,35.19
2024-09-13,35.65
2024-09-16,34.08
2024-09-17,35.55
2024-09-18,35.24
2024-09-19,33.08
2024-09-20,34.44
2024-09-23,36.21
2024-09-24,35.41
2024-09-25,37.32
2024-09-26,37.89
2024-09-27,38.11
2024-09-30,39.04
2024-10-01,39.27
2024-10-02,38.62
2024-10-03,39.91
2024-10-04,40.98
2024-10-07,40.24
2024-10-08,38.92
2024-10-09,38.34
2024-10-10,40.29
2024-10-11,39.88
2024-10-14,40.56
2024-10-15,39.97
2024-10-16,39.24
2024-10-17,39.65
2024-10-18,39.2
2024-10-21,40.02
2024-10-22,40.7
2024-10-23,41.38
2024-10-24,42.15
2024-10-25,43.51
2024-10-28,42.52
2024-10-29,42.87
2024-10-30,40.9
2024-10-31,40.59
2024-11-01,39.17
2024-11-04,40.3
2024-11-05,40.49
2024-11-06,40.39
2024-11-07,41.28
2024-11-08,42.41
2024-11-11,43.73
2024-11-12,44.26
2024-11-13,43.67
2024-11-14,46.22
2024-11-15,46.55
2024-11-18,46.9
2024-11-19,45.67
2024-11-20,46.8
2024-11-21,48.3
2024-11-22,47.02
2024-11-25,47.73
2024-11-26,47.22
2024-11-27,46.76
2024-11-29,47.81
2024-12-02,48.65
2024-12-03,48.56
2024-12-04,47.05
2024-12-05,46.55
2024-12-06,46.48
2024-12-09,44.85
2024-12-10,45.55
2024-12-11,44.69
2024-12-12,42.8
2024-12-13,41.22
2024-12-16,40.28
2024-12-17,42.06
2024-12-18,41.01
2024-12-19,43.08
2024-12-20,44.13
2024-12-23,45.54
2024-12-24,45.73
2024-12-26,45.73
2024-12-27,47.73
2024-12-30,47.63
2024-12-31,48.89
